"Cp_Code","Cp_Desc","Cp_Abbrev","Cp_Tri","Cp_Actif"
1548,,,0,FALSE
1549,"*** ""Sous les étoiles",,0,FALSE
1550,"*** A la Bonne Garde",,0,FALSE
1551,"*** À la bonne garde",,0,FALSE
1552,"*** Ahuntsic",,0,FALSE
1553,"*** Alliance de Beauport",,0,FALSE
1554,"*** Amigator",,0,FALSE
1555,"*** Ami-Gator",,0,FALSE
1556,"*** Au palais des merveilles",,0,FALSE
1557,"*** Au pied de l'Échelle",,0,FALSE
1558,"*** Au soleil levant",,0,FALSE
1559,"*** Aurore Boréale",,0,FALSE
1560,"*** Aux portes du matin",,0,FALSE
1561,"*** Baliballon",,0,FALSE
1562,"*** Bali-ballon",,0,FALSE
1563,"*** Balillon",,0,FALSE
1564,"*** Balliballon",,0,FALSE
1565,"*** Balli-ballon",,0,FALSE
1566,"*** Bambinerie",,0,FALSE
1567,"*** Beauport",,0,FALSE
1568,"*** Bonaventure",,0,FALSE
1569,"*** Bonnaventure",,0,FALSE
1570,"*** Bonne aventure",,0,FALSE
1571,"*** Bout en train",,0,FALSE
1572,"*** Boute en train",,0,FALSE
1573,"*** Boute-en-train",,0,FALSE
1574,"*** Bout-en-train",,0,FALSE
1575,"*** Cabanon",,0,FALSE
1576,"*** Cadet Roussel",,0,FALSE
1577,"*** Calimero",,0,FALSE
1578,"*** Caliméro",,0,FALSE
1579,"*** Calinours",,0,FALSE
1580,"*** Carosse citrouille",,0,FALSE
1581,"*** Carrosse citrouille",,0,FALSE
1582,"*** Cerf-volant",,0,FALSE
1583,"*** Chat perché",,0,FALSE
1584,"*** Chez ma tante",,0,FALSE
1585,"*** Chez moi chez toi",,0,FALSE
1586,"*** Chez-moi, Chez-toi",,0,FALSE
1587,"*** Chicoutimi",,0,FALSE
1588,"*** CPE Cadéroussel",,0,FALSE
1589,"*** CPE de la pointe",,0,FALSE
1590,"*** CPE des petits élans",,0,FALSE
1591,"*** CPE l'escale",,0,FALSE
1592,"*** Croque la vie",,0,FALSE
1593,"*** de Beauport",,0,FALSE
1594,"*** de Fleurimont",,0,FALSE
1595,"*** de la Baie",,0,FALSE
1596,"*** de Matane",,0,FALSE
1597,"*** Des Appalaches",,0,FALSE
1598,"*** des Hautes marées",,0,FALSE
1599,"*** Des petits élans",,0,FALSE
1600,"*** Des premiers pas",,0,FALSE
1601,"*** Deux montagnes",,0,FALSE
1602,"*** Deux-montagnes",,0,FALSE
1603,"*** du Grand Chicoutimi",,0,FALSE
1604,"*** Du Haut St-Francois",,0,FALSE
1605,"*** Du soleil à la lune",,0,FALSE
1606,"*** du Témiscouata",,0,FALSE
1607,"*** Fami-garde",,0,FALSE
1608,"*** Familiagarde",,0,FALSE
1609,"*** Familigarde",,0,FALSE
1610,"*** Famili-garde",,0,FALSE
1611,"*** Familigarde de Granby",,0,FALSE
1612,"*** Famili-garde Estrie",,0,FALSE
1613,"*** Famili-Gard'Estrie",,0,FALSE
1614,"*** Fardoche",,0,FALSE
1615,"*** Feux follets",,0,FALSE
1616,"*** Fleurimont",,0,FALSE
1617,"*** Force vive",,0,FALSE
1618,"*** Frimousse",,0,FALSE
1619,"*** Gaminville",,0,FALSE
1620,"*** Gatinerie",,0,FALSE
1621,"*** Grand Chicoutimi",,0,FALSE
1622,"*** Grande ourse",,0,FALSE
1623,"*** Gribouilli",,0,FALSE
1624,"*** Gribouillie",,0,FALSE
1625,"*** Gribouillis",,0,FALSE
1626,"*** Gros becs",,0,FALSE
1627,"*** Haut St-Francois",,0,FALSE
1628,"*** Haut St-François",,0,FALSE
1629,"*** Jardins de fruits",,0,FALSE
1630,"*** Joie de vivre",,0,FALSE
1631,"*** Jolis coeurs",,0,FALSE
1632,"*** Jonquière",,0,FALSE
1633,"*** Joyeux calinours",,0,FALSE
1634,"*** Joyeux lutin",,0,FALSE
1635,"*** Joyeux Lutins",,0,FALSE
1636,"*** Kaléidoscope",,0,FALSE
1637,"*** Kangourou",,0,FALSE
1638,"*** La baleine bricoleuse",,0,FALSE
1639,"*** La Bambinerie",,0,FALSE
1640,"*** La bambinette",,0,FALSE
1641,"*** La belle grenouille",,0,FALSE
1642,"*** La belle journée",,0,FALSE
1643,"*** La bonne aventure",,0,FALSE
1644,"*** La bonne garde",,0,FALSE
1645,"*** La chenille",,0,FALSE
1646,"*** La douce couvée",,0,FALSE
1647,"*** La Farandole",,0,FALSE
1648,"*** La fourmillière",,0,FALSE
1649,"*** La Gatinerie",,0,FALSE
1650,"*** La giroflée",,0,FALSE
1651,"*** La girouette",,0,FALSE
1652,"*** La grande ourse",,0,FALSE
1653,"*** La grenouille",,0,FALSE
1654,"*** La grenouille rose",,0,FALSE
1655,"*** La joie de vivre",,0,FALSE
1656,"*** La joyeuse équipé",,0,FALSE
1657,"*** La joyeuse équipée",,0,FALSE
1658,"*** La maison des amis",,0,FALSE
1659,"*** La marée montante",,0,FALSE
1660,"*** La Marelle",,0,FALSE
1661,"*** La marelle de Victoriaville",,0,FALSE
1662,"*** La mère Schtroumpf",,0,FALSE
1663,"*** La mère Schtroumph",,0,FALSE
1664,"*** La petite marine",,0,FALSE
1665,"*** La petite Ourse",,0,FALSE
1666,"*** La Pocatière",,0,FALSE
1667,"*** La ribambelle",,0,FALSE
1668,"*** La Ribambelle d'Aylmer",,0,FALSE
1669,"*** La rose des vents",,0,FALSE
1670,"*** La ruche magique",,0,FALSE
1671,"*** La sourcière",,0,FALSE
1672,"*** La vallée des loupiots",,0,FALSE
1673,"*** La vallée des Lupiau",,0,FALSE
1674,"*** l'Agence Bonnaventure",,0,FALSE
1675,"*** l'Alliance de Beauport",,0,FALSE
1676,"*** Lamaison des amis",,0,FALSE
1677,"*** Lamarelle des Bois francs",,0,FALSE
1678,"*** l'Ami soleil",,0,FALSE
1679,"*** l'Antre-temps",,0,FALSE
1680,"*** l'Attrait mignon",,0,FALSE
1681,"*** l'Attrait-mignon",,0,FALSE
1682,"*** l'Aurore boréale",,0,FALSE
1683,"*** Le baluchon",,0,FALSE
1684,"*** Le bout-en-train",,0,FALSE
1685,"*** Le carrefour",,0,FALSE
1686,"*** Le centre des moulins",,0,FALSE
1687,"*** Le centre des petits mousses",,0,FALSE
1688,"*** Le Cerf volant",,0,FALSE
1689,"*** Le cerf-volant",,0,FALSE
1690,"*** Le chat perché",,0,FALSE
1691,"*** Le chez moi des petits",,0,FALSE
1692,"*** Le haut St-Francois",,0,FALSE
1693,"*** Le jardin des rêves",,0,FALSE
1694,"*** Le Kangourou",,0,FALSE
1695,"*** Le mini monde",,0,FALSE
1696,"*** Le palais des merveilles",,0,FALSE
1697,"*** Le petit baluchon",,0,FALSE
1698,"*** Le petit chaton",,0,FALSE
1699,"*** Le petit collégien",,0,FALSE
1700,"*** Le petit monde de Calimero",,0,FALSE
1701,"*** Le petit pommier",,0,FALSE
1702,"*** Le petit tambour",,0,FALSE
1703,"*** Le petit train",,0,FALSE
1704,"*** Le soleil levant",,0,FALSE
1705,"*** l'Enchanté",,0,FALSE
1706,"*** l'Enfant-do",,0,FALSE
1707,"*** l'Enfantillage",,0,FALSE
1708,"*** l'Enfantillage de Coaticook",,0,FALSE
1709,"*** l'Entre-temps",,0,FALSE
1710,"*** Les aides de la nature",,0,FALSE
1711,"*** Les amigators",,0,FALSE
1712,"*** Les amis de la culbute",,0,FALSE
1713,"*** Les amis gators",,0,FALSE
1714,"*** Les Appalaches",,0,FALSE
1715,"*** Les calinours",,0,FALSE
1716,"*** Les cerfs-volant",,0,FALSE
1717,"*** Les copains d'abord",,0,FALSE
1718,"*** Les copins d'abord",,0,FALSE
1719,"*** Les coquins",,0,FALSE
1720,"*** Les coteaux",,0,FALSE
1721,"*** Les feux follets",,0,FALSE
1722,"*** Les feux-follets",,0,FALSE
1723,"*** Les frimousses",,0,FALSE
1724,"*** Les Frimousses de la vallée",,0,FALSE
1725,"*** Les frimousses de la vallée du Richelieu",,0,FALSE
1726,"*** Les Gatineries",,0,FALSE
1727,"*** Les grenouilles roses",,0,FALSE
1728,"*** Les gribouillis",,0,FALSE
1729,"*** Les jeunes pousses de Napierville",,0,FALSE
1730,"*** Les jolis minois",,0,FALSE
1731,"*** Les joyeux calinours",,0,FALSE
1732,"*** Les joyeux lutins",,0,FALSE
1733,"*** Les joyeux marmots",,0,FALSE
1734,"*** Les lieux des enfants",,0,FALSE
1735,"*** Les maisons enjouées",,0,FALSE
1736,"*** Les mille pattes",,0,FALSE
1737,"*** Les mille-pattes",,0,FALSE
1738,"*** Les petits baluchons",,0,FALSE
1739,"*** Les petits chatons",,0,FALSE
1740,"*** Les petits collégiens",,0,FALSE
1741,"*** Les petits élans",,0,FALSE
1742,"*** Les petits frimousses de la vallée",,0,FALSE
1743,"*** Les petits lutins",,0,FALSE
1744,"*** Les petits lutins de Drummondville",,0,FALSE
1745,"*** Les petits maringouins",,0,FALSE
1746,"*** Les petits marins",,0,FALSE
1747,"*** Les petits mousses",,0,FALSE
1748,"*** Les petits mulots",,0,FALSE
1749,"*** Les petits pommiers",,0,FALSE
1750,"*** Les petits soleils",,0,FALSE
1751,"*** Les petits soleils de Saint-Dorothée",,0,FALSE
1752,"*** Les petits soleils de Ste-Dorothée",,0,FALSE
1753,"*** Les pinceaux",,0,FALSE
1754,"*** Les pinsons",,0,FALSE
1755,"*** Les Pirouettes",,0,FALSE
1756,"*** Les pomettes rouges",,0,FALSE
1757,"*** Les pommettes rouges",,0,FALSE
1758,"*** Les portes du matin",,0,FALSE
1759,"*** Les premiers pas",,0,FALSE
1760,"*** Les p'tits collégiens",,0,FALSE
1761,"*** Les p'tits mousses",,0,FALSE
1762,"*** Les trois petits points",,0,FALSE
1763,"*** l'Escale",,0,FALSE
1764,"*** l'Essentiel",,0,FALSE
1765,"*** l'Éveil de la nature",,0,FALSE
1766,"*** Lieux des petits",,0,FALSE
1767,"*** Ma belle grenouille",,0,FALSE
1768,"*** Ma famigarde",,0,FALSE
1769,"*** Ma Fami-garde",,0,FALSE
1770,"*** Magimot",,0,FALSE
1771,"*** Magimuse",,0,FALSE
1772,"*** Magino",,0,FALSE
1773,"*** Main dans la main",,0,FALSE
1774,"*** Maison des amis",,0,FALSE
1775,"*** Mamie pomme",,0,FALSE
1776,"*** Mamie Soleil",,0,FALSE
1777,"*** Mamie-Pom",,0,FALSE
1778,"*** Mamie-pomme",,0,FALSE
1779,"*** Mamie-Soleil",,0,FALSE
1780,"*** Mamy fer",,0,FALSE
1781,"*** Mamy soleil",,0,FALSE
1782,"*** Marée montante",,0,FALSE
1783,"*** Matane",,0,FALSE
1784,"*** Mère Schtroumph",,0,FALSE
1785,"*** Mille-pattes",,0,FALSE
1786,"*** Mini monde",,0,FALSE
1787,"*** Mini-monde",,0,FALSE
1788,"*** Mon autre maison",,0,FALSE
1789,"*** Montréal Nord",,0,FALSE
1790,"*** Montréal-Nord",,0,FALSE
1791,"*** Mrc de Montmagny",,0,FALSE
1792,"*** MRC Montmagny",,0,FALSE
1793,"*** Palais des merveilles",,0,FALSE
1794,"*** Petit monde de Calimero",,0,FALSE
1795,"*** Petit Tambour",,0,FALSE
1796,"*** Petits chatons",,0,FALSE
1797,"*** Petits pompiers",,0,FALSE
1798,"*** Picabou 1-2-3",,0,FALSE
1799,"*** Pignon sur rue",,0,FALSE
1800,"*** Pirouette",,0,FALSE
1801,"*** Pitchounette",,0,FALSE
1802,"*** Planète soleil",,0,FALSE
1803,"*** Planète-soleil",,0,FALSE
1804,"*** Pour vos tout petits",,0,FALSE
1805,"*** Pour vos tout-petits",,0,FALSE
1806,"*** Quatre soleils",,0,FALSE
1807,"*** Rayons de soleil",,0,FALSE
1808,"*** Réseau petit pas",,0,FALSE
1809,"*** Rivière du Loup",,0,FALSE
1810,"*** Rose des vents",,0,FALSE
1811,"*** Soleil levant",,0,FALSE
1812,"*** Soulange",,0,FALSE
1813,"*** Soulanges",,0,FALSE
1814,"*** Sous bon toit",,0,FALSE
1815,"*** Sous le bon toit",,0,FALSE
1816,"*** Sous les étoiles",,0,FALSE
1817,"*** Station enfance",,0,FALSE
1818,"*** Station enfance des moulins",,0,FALSE
1819,"*** Station enfance du moulin",,0,FALSE
1820,"*** Station enfants des moulins",,0,FALSE
1821,"*** St-Léonard",,0,FALSE
1822,"*** St-Romuald",,0,FALSE
1823,"*** Sur les étoiles",,0,FALSE
1824,"*** Tchou-Tchou",,0,FALSE
1825,"*** Témiscouata",,0,FALSE
1826,"*** Trois Petits Points",,0,FALSE
1827,"*** Trottinette carottée",,0,FALSE
1828,"*** Vert crêpe",,0,FALSE
1829,"*** Vire crêpe",,0,FALSE
1830,"*** Vire-crêpe",,0,FALSE
1831,"***""ABCMF Beauport",,0,FALSE
1832,"**** Joie de vivre",,0,FALSE
1833,"***Aux portes du matin",,0,FALSE
1834,"***Cadet Rousselle",,0,FALSE
1835,"***Deux Montagnes",,0,FALSE
1836,"***Du GRand Chicoutimi",,0,FALSE
1837,"***Enfant Do",,0,FALSE
1838,"***Familigard'Estrie",,0,FALSE
1839,"***Gamin gamine",,0,FALSE
1840,"***La maison des amis",,0,FALSE
1841,"***La mère Schtroumph",,0,FALSE
1842,"***La ribambelle d'Aylmer",,0,FALSE
1843,"***La rose des vents",,0,FALSE
1844,"***L'Enfantillage",,0,FALSE
1845,"***Les amis Gators",,0,FALSE
1846,"***Les copains d'abord",,0,FALSE
1847,"***Les Coquins",,0,FALSE
1848,"***Les feux follets",,0,FALSE
1849,"***Les Jardins de fruits",,0,FALSE
1850,"***Les maisons enjouées",,0,FALSE
1851,"***Les petits Baluchons",,0,FALSE
1852,"***Les petits collégiens",,0,FALSE
1853,"***Les soleils de Mékinac",,0,FALSE
1854,"***l'Escale",,0,FALSE
1855,"***Magimuse",,0,FALSE
1856,"***Montréal-Nord",,0,FALSE
1857,"***MrC de la Jacques Cartier",,0,FALSE
1858,"***Pirouette",,0,FALSE
1859,"***Pitchounette",,0,FALSE
1860,"***Planète soleil",,0,FALSE
1861,"***Rayons de Soleil",,0,FALSE
1862,"***Rivière-du-Loup",,0,FALSE
1863,"***Soulanges",,0,FALSE
1864,"***Sous les étoiles",,0,FALSE
1865,"123 petits pas",,0,FALSE
1866,"123 Picabou",,0,FALSE
1867,"A la bonne garde",,0,FALSE
1868,"À la bonne garde",,0,FALSE
1869,"À l'orée de chez moi",,0,FALSE
1870,"A tire d'aile",,0,FALSE
1871,"À tire d'aile",,0,FALSE
1872,"Abri-Doux",,0,FALSE
1873,"Abrigarde Wolton",,0,FALSE
1874,"Agrigarde",,0,FALSE
1875,"Agrigarde Wotton",,0,FALSE
1876,"Alakasoum",,0,FALSE
1877,"Alakazoo",,0,FALSE
1878,"Alakazou",,0,FALSE
1879,"alexiaparent3@hotmail.com",,0,FALSE
1880,"Allo mon ami",,0,FALSE
1881,"Allo mon ami II",,0,FALSE
1882,"Alouette",,0,FALSE
1883,"Amibulle",,0,FALSE
1884,"Ami-garde",,0,FALSE
1885,"Amis calin-calin",,0,FALSE
1886,"Arc en soleil",,0,FALSE
1887,"Arc-en-joie",,0,FALSE
1888,"Arlequin & Colombine",,0,FALSE
1889,"Arlequin Colombine",,0,FALSE
1890,"Arlequin et Colombine",,0,FALSE
1891,"Arlequin et Colombine d'Amos",,0,FALSE
1892,"Atelier boutchou",,0,FALSE
1893,"Au Boisé",,0,FALSE
1894,"Au calin ensoleillé",,0,FALSE
1895,"Au carré de sable",,0,FALSE
1896,"Au coeur de la nature",,0,FALSE
1897,"Au coeur des mésanges",,0,FALSE
1898,"Au Galop (CPE)",,0,FALSE
1899,"Au jardin de Dominique",,0,FALSE
1900,"Au jardin de Pierrot",,0,FALSE
1901,"Au jardin d'Émilie",,0,FALSE
1902,"Au jardin des merveilles",,0,FALSE
1903,"Au jardin fleuri (CPE)",,0,FALSE
1904,"Au nids des petits",,0,FALSE
1905,"Au palais des merveilles",,0,FALSE
1906,"Au pays des anges",,0,FALSE
1907,"Au pays des merveilles",,0,FALSE
1908,"Au petit brin de foin",,0,FALSE
1909,"Au petit brin de foin (CPE)",,0,FALSE
1910,"Au petit campagnard",,0,FALSE
1911,"Au Petit Nuage (CPE)",,0,FALSE
1912,"Au petit poucet",,0,FALSE
1913,"Au petit talon",,0,FALSE
1914,"Au Pied de l'échelle",,0,FALSE
1915,"Au pied du mont",,0,FALSE
1916,"Au pied du mont St-Bruno",,0,FALSE
1917,"Aurore Boréale",,0,FALSE
1918,"Aux 3 pommes",,0,FALSE
1919,"Aux mille couleurs",,0,FALSE
1920,"Aux mille jeux",,0,FALSE
1921,"Aux mille jeux Saint-Hubert",,0,FALSE
1922,"Aux mille jeux Tambourin",,0,FALSE
1923,"Aux mille yeux",,0,FALSE
1924,"Aux mille-pattes",,0,FALSE
1925,"Aux nid des petits",,0,FALSE
1926,"Aux nids des Petits",,0,FALSE
1927,"Aux Petites Joies",,0,FALSE
1928,"Aux Petits campagnards",,0,FALSE
1929,"Aux petits doigts",,0,FALSE
1930,"Aux petits lurons",,0,FALSE
1931,"Aux petits lutins de Lorrainville",,0,FALSE
1932,"Aux petits pas",,0,FALSE
1933,"Aux Petits Trésors",,0,FALSE
1934,"Aux portes du matin",,0,FALSE
1935,"Aux poussinots d'Alakazoo",,0,FALSE
1936,"Aux poussinots d'Alakazou",,0,FALSE
1937,"Aux p'tits trésors",,0,FALSE
1938,"Aux quatre soleil",,0,FALSE
1939,"Aux trois pommes",,0,FALSE
1940,"Baguette magique",,0,FALSE
1941,"Baleine Bricoleuse",,0,FALSE
1942,"Bali balon",,0,FALSE
1943,"Baliballon",,0,FALSE
1944,"Bali-ballon",,0,FALSE
1945,"Balliballon",,0,FALSE
1946,"Bambin club",,0,FALSE
1947,"Bambins et calins",,0,FALSE
1948,"Bambouli",,0,FALSE
1949,"Bambouli inc.",,0,FALSE
1950,"Banbouli",,0,FALSE
1951,"Beauce Sartigan",,0,FALSE
1952,"Beauce-Sartigan",,0,FALSE
1953,"Beauce-Sartignan",,0,FALSE
1954,"Bébé jou",,0,FALSE
1955,"Bébéjou",,0,FALSE
1956,"Bébéjoue",,0,FALSE
1957,"Bécancour",,0,FALSE
1958,"Bedondaine",,0,FALSE
1959,"Belle enfance",,0,FALSE
1960,"Belle enfance St-Raphaël",,0,FALSE
1961,"Belle-bulle",,0,FALSE
1962,"Belles-Rivières",,0,FALSE
1963,"Blainville",,0,FALSE
1964,"Blé d'or",,0,FALSE
1965,"Bobino",,0,FALSE
1966,"Bois Joli",,0,FALSE
1967,"Boisé Vimont",,0,FALSE
1968,"Boisjoli",,0,FALSE
1969,"Boîte à soleil",,0,FALSE
1970,"Bonaventure",,0,FALSE
1971,"Bonnaventure",,0,FALSE
1972,"Bonnaventure (CPE)",,0,FALSE
1973,"Bourgeon soleil",,0,FALSE
1974,"Bout chou",,0,FALSE
1975,"Bout d'chou",,0,FALSE
1976,"Bout en train",,0,FALSE
1977,"Bout-chou (CPE)",,0,FALSE
1978,"Boutd'chou",,0,FALSE
1979,"Boute en train",,0,FALSE
1980,"Boute-en-train",,0,FALSE
1981,"Bout-en-train",,0,FALSE
1982,"Bouton de rose",,0,FALSE
1983,"Bouton d'Or",,0,FALSE
1984,"Boutons d'or",,0,FALSE
1985,"Brin de foin",,0,FALSE
1986,"Brin d'éveil",,0,FALSE
1987,"Brin d'Éveil inc.",,0,FALSE
1988,"Brins d'éveil",,0,FALSE
1989,"Buissonnièere",,0,FALSE
1990,"Buissonnière",,0,FALSE
1991,"Butte à moineaux",,0,FALSE
1992,"Cabotine",,0,FALSE
1993,"Cachalot",,0,FALSE
1994,"Cachalot inc.",,0,FALSE
1995,"Cache cache",,0,FALSE
1996,"Cache-cache",,0,FALSE
1997,"Cadet Roussel",,0,FALSE
1998,"Cadet Rousselle",,0,FALSE
1999,"Cadet-Rousselle",,0,FALSE
2000,"Caillou-Lapierre",,0,FALSE
2001,"Calimero",,0,FALSE
2002,"Caliméro",,0,FALSE
2003,"Calin d'amour",,0,FALSE
2004,"Calou",,0,FALSE
2005,"Calou (CPE)",,0,FALSE
2006,"Calou de St-Joseph de Beauce",,0,FALSE
2007,"Calou St-Joseph",,0,FALSE
2008,"Campinoise",,0,FALSE
2009,"Canelle et Pruneau",,0,FALSE
2010,"Carcajou",,0,FALSE
2011,"Caroline",,0,FALSE
2012,"Carré de sable",,0,FALSE
2013,"Carrefour des chanterelles",,0,FALSE
2014,"Carrosse-Citrouille",,0,FALSE
2015,"Casse-Noisette",,0,FALSE
2016,"Cégep Beauce Appalaches",,0,FALSE
2017,"Centre comm. Notre Dame de Grace",,0,FALSE
2018,"Centre multi-plus",,0,FALSE
2019,"Cerf-volant",,0,FALSE
2020,"Champignon",,0,FALSE
2021,"Chapeau de paille",,0,FALSE
2022,"Chapeau rond et boutillon",,0,FALSE
2023,"Chapeaux ronds et bottillons",,0,FALSE
2024,"Chat perché",,0,FALSE
2025,"Chateau de grand-mère",,0,FALSE
2026,"Château de sable",,0,FALSE
2027,"Chateau des adorables",,0,FALSE
2028,"Chaton",,0,FALSE
2029,"Chenille au papillon",,0,FALSE
2030,"Chérubins",,0,FALSE
2031,"Cheval sautoir",,0,FALSE
2032,"Chez Bibi",,0,FALSE
2033,"Chez Caliméro",,0,FALSE
2034,"Chez Caliméro (CPE)",,0,FALSE
2035,"Chez Chalie Lapin",,0,FALSE
2036,"Chez Chantal et Eric",,0,FALSE
2037,"Chez Fanfan",,0,FALSE
2038,"Chez Fardoche",,0,FALSE
2039,"Chez Galurin",,0,FALSE
2040,"Chez galurin inc.",,0,FALSE
2041,"Chez les Amis",,0,FALSE
2042,"Chez ma tante",,0,FALSE
2043,"Chez ma tante (CPE)",,0,FALSE
2044,"Chez mamie",,0,FALSE
2045,"Chez moi, chez toi",,0,FALSE
2046,"Chez moi, chez toi Gentilly",,0,FALSE
2047,"Chez nous",,0,FALSE
2048,"Chez nous c'est chez vous (CPE)",,0,FALSE
2049,"Chez nous chez vous",,0,FALSE
2050,"Chez nous, Canton de Shefford",,0,FALSE
2051,"Chez Sophie",,0,FALSE
2052,"Chez Yanice",,0,FALSE
2053,"Chez-moi chez-toi",,0,FALSE
2054,"Chez-moi, chez-toi",,0,FALSE
2055,"Chez-nous",,0,FALSE
2056,"Chez-nous c'est chez-vous",,0,FALSE
2057,"Chez-nous chez-vous",,0,FALSE
2058,"Citronelle",,0,FALSE
2059,"Clair de lune",,0,FALSE
2060,"Clair soleil",,0,FALSE
2061,"Clair soleil de Mascouche",,0,FALSE
2062,"Clair-de-lune",,0,FALSE
2063,"Claire-Julie",,0,FALSE
2064,"Clair-soleil",,0,FALSE
2065,"Clair-Soleil de Mascouche",,0,FALSE
2066,"Clair-soleil Mascouche",,0,FALSE
2067,"Clé de Sol",,0,FALSE
2068,"Clin d'oeil",,0,FALSE
2069,"Cocci-doux",,0,FALSE
2070,"Coco et cinelle",,0,FALSE
2071,"Coeur à tout",,0,FALSE
2072,"Coeur de pomme",,0,FALSE
2073,"Coeur-Atout",,0,FALSE
2074,"Coffre à jouet",,0,FALSE
2075,"Coffre à jouets",,0,FALSE
2076,"Coffre aux trésors",,0,FALSE
2077,"Collège Ahuntsic",,0,FALSE
2078,"Contact Jardin Soleil",,0,FALSE
2079,"Contact Jardin soleil inc.",,0,FALSE
2080,"Contact Jardin-Soleil",,0,FALSE
2081,"Coop au pays des lutins",,0,FALSE
2082,"Coop Libelle",,0,FALSE
2083,"Coop St-Jean Baptiste",,0,FALSE
2084,"Côte de Gaspé",,0,FALSE
2085,"Cote-de-Gaspé",,0,FALSE
2086,"Côte-de-Gaspé",,0,FALSE
2087,"Couches-tôt",,0,FALSE
2088,"Couche-tôt",,0,FALSE
2089,"Coup de pouce",,0,FALSE
2090,"Coup de pouve",,0,FALSE
2091,"Couri-courette",,0,FALSE
2092,"Couri-courette (CPE)",,0,FALSE
2093,"CPE Amstramgram (CPE)",,0,FALSE
2094,"CPE Boisé Vimont",,0,FALSE
2095,"CPE Clair de lune (CPE)",,0,FALSE
2096,"CPE de Matane (CPE)",,0,FALSE
2097,"CPE des premiers pas",,0,FALSE
2098,"CPE des Roseraies",,0,FALSE
2099,"CPE et amie",,0,FALSE
2100,"CPE La cabotine (CPE)",,0,FALSE
2101,"CPE La Campanuse (CPE)",,0,FALSE
2102,"CPE l'arche des petits",,0,FALSE
2103,"CPE Les minipuces (CPE)",,0,FALSE
2104,"CPE L'Univers des petits (CPE)",,0,FALSE
2105,"CPE Petits élans",,0,FALSE
2106,"CPE Plein soleil Alma",,0,FALSE
2107,"CPE Rivière-du-Loup",,0,FALSE
2108,"Crayon de couleur",,0,FALSE
2109,"Crayons de couleur",,0,FALSE
2110,"Croque la vie",,0,FALSE
2111,"Croque lune",,0,FALSE
2112,"Croque-lune",,0,FALSE
2113,"Culbute et Carambole",,0,FALSE
2114,"Danahe",,0,FALSE
2115,"Danahé",,0,FALSE
2116,"Danahé (CPE)",,0,FALSE
2117,"de Chandler",,0,FALSE
2118,"De chez nous",,0,FALSE
2119,"De la Baie",,0,FALSE
2120,"De la Baie Bonaventure",,0,FALSE
2121,"de la colline",,0,FALSE
2122,"de la Pointe",,0,FALSE
2123,"De la Sagamie",,0,FALSE
2124,"De l'enfance de St-Raphael",,0,FALSE
2125,"de l'Érablière",,0,FALSE
2126,"de Matane",,0,FALSE
2127,"De Rivière-du-Loup",,0,FALSE
2128,"Découverte de l'enfance",,0,FALSE
2129,"Des amis des prairies",,0,FALSE
2130,"Des baluchons",,0,FALSE
2131,"Des belles rivières",,0,FALSE
2132,"Des belles-rivières",,0,FALSE
2133,"Des calins",,0,FALSE
2134,"des Câlins",,0,FALSE
2135,"Des champignoles",,0,FALSE
2136,"des Deux-Montagnes",,0,FALSE
2137,"Des jardins jolis",,0,FALSE
2138,"Des Marguerites",,0,FALSE
2139,"Des Marguerites (éduc. inst.)",,0,FALSE
2140,"des Moulins",,0,FALSE
2141,"Des petits élans d'Amos",,0,FALSE
2142,"Des petits patriotes",,0,FALSE
2143,"Des premiers pas",,0,FALSE
2144,"Des rires",,0,FALSE
2145,"Des terrasses à Hull",,0,FALSE
2146,"Desjardins",,0,FALSE
2147,"do mi si la do ré",,0,FALSE
2148,"Domaine St-Sulpice",,0,FALSE
2149,"Do-mi-si-la-do-ré",,0,FALSE
2150,"Doux réveil",,0,FALSE
2151,"Du bois joli",,0,FALSE
2152,"Du cartier",,0,FALSE
2153,"du CHUL",,0,FALSE
2154,"Du Collège Ahunstic",,0,FALSE
2155,"Du Dolmen",,0,FALSE
2156,"du Haut-Richelieu",,0,FALSE
2157,"Du Manoir",,0,FALSE
2158,"Du parc",,0,FALSE
2159,"Du passe-temps",,0,FALSE
2160,"du Pic",,0,FALSE
2161,"Du village",,0,FALSE
2162,"Duc de la marmicelle",,0,FALSE
2163,"E6 janv.11",,0,FALSE
2164,"En attente avec les Gnomes",,0,FALSE
2165,"Enchanté",,0,FALSE
2166,"Enfankiri",,0,FALSE
2167,"Enfant bonheur",,0,FALSE
2168,"Enfant d'abord",,0,FALSE
2169,"Enfant rit",,0,FALSE
2170,"Enfant-bonheur",,0,FALSE
2171,"Enfantillage",,0,FALSE
2172,"Enfants d'abord",,0,FALSE
2173,"Entre Amis",,0,FALSE
2174,"Entre Deux Nuages",,0,FALSE
2175,"Entre-Amis",,0,FALSE
2176,"Envol",,0,FALSE
2177,"Escargot",,0,FALSE
2178,"Espièglerie",,0,FALSE
2179,"Éveil à la lecture et à l'écriture",,0,FALSE
2180,"Éveil des chérubins",,0,FALSE
2181,"Éveil enfantin",,0,FALSE
2182,"Fafouin",,0,FALSE
2183,"Famigarde",,0,FALSE
2184,"Famigarde Côte-de-Gaspé",,0,FALSE
2185,"Famili garde",,0,FALSE
2186,"Famili Gard'estrie Rock Forest",,0,FALSE
2187,"Fan Fan Soleil",,0,FALSE
2188,"FanFan",,0,FALSE
2189,"Fanfan soleil",,0,FALSE
2190,"Fanfou",,0,FALSE
2191,"Fardoche",,0,FALSE
2192,"Feu follet",,0,FALSE
2193,"Feu Vert Québec",,0,FALSE
2194,"Feux Follet",,0,FALSE
2195,"Feux follets",,0,FALSE
2196,"Feux-Follets",,0,FALSE
2197,"Fleur de Pommier",,0,FALSE
2198,"Fleur soleil",,0,FALSE
2199,"Fleurimont",,0,FALSE
2200,"Fleurs de pommiers",,0,FALSE
2201,"Fleurs du quartier",,0,FALSE
2202,"Flocons de rêve",,0,FALSE
2203,"Flocons de rêve (CPE)",,0,FALSE
2204,"Forêt enchantée Warwick",,0,FALSE
2205,"Fou-rire",,0,FALSE
2206,"Fourmilière",,0,FALSE
2207,"Franquet la grenouille",,0,FALSE
2208,"Franquette la grenouille",,0,FALSE
2209,"Frimousse de la vallée",,0,FALSE
2210,"Frimousses de la vallée",,0,FALSE
2211,"Frisson de colline",,0,FALSE
2212,"Gamin Gamin",,0,FALSE
2213,"Gamin gamine",,0,FALSE
2214,"Gamin Gamines",,0,FALSE
2215,"Gamin, gamine",,0,FALSE
2216,"Gamin-gamine",,0,FALSE
2217,"Gaminville",,0,FALSE
2218,"Gard'ami",,0,FALSE
2219,"Gard'amis",,0,FALSE
2220,"garderie 1001 calins",,0,FALSE
2221,"Garderie Anabelle",,0,FALSE
2222,"Garderie au jardin des marguerites",,0,FALSE
2223,"Garderie Boutchouville inc.",,0,FALSE
2224,"Garderie chex caillou",,0,FALSE
2225,"Garderie chez Loulou",,0,FALSE
2226,"Garderie chez Nicole",,0,FALSE
2227,"garderie Cilvy la Lune",,0,FALSE
2228,"Garderie des Apprentis-sage",,0,FALSE
2229,"Garderie Doum Doum",,0,FALSE
2230,"garderie en MF",,0,FALSE
2231,"Garderie Fafouin",,0,FALSE
2232,"Garderie familiale",,0,FALSE
2233,"Garderie Frigouille",,0,FALSE
2234,"Garderie Gaki-Doki",,0,FALSE
2235,"Garderie la petite école",,0,FALSE
2236,"Garderie le club d'amis",,0,FALSE
2237,"Garderie Les Choupettes",,0,FALSE
2238,"Garderie les coccinelles",,0,FALSE
2239,"Garderie les papillons",,0,FALSE
2240,"Garderie Milou",,0,FALSE
2241,"Garderie Nancy Les coquins d'abord",,0,FALSE
2242,"Garderie privée",,0,FALSE
2243,"Garderie privée Le dauphin",,0,FALSE
2244,"Garderie privée:Les Choo Choo de Loulou",,0,FALSE
2245,"Garderie Sel et poivre",,0,FALSE
2246,"Garigatou",,0,FALSE
2247,"Gari-Gatou",,0,FALSE
2248,"Gatinerie",,0,FALSE
2249,"gillescarrier@globetrotter.net",,0,FALSE
2250,"GP Les p'tits voisins",,0,FALSE
2251,"Grande envolée",,0,FALSE
2252,"Grande Rivière",,0,FALSE
2253,"Grand-Mère Douceur",,0,FALSE
2254,"Grand-mère douceur (CPE)",,0,FALSE
2255,"Grenouille",,0,FALSE
2256,"Grenouille rose",,0,FALSE
2257,"Gribouillis",,0,FALSE
2258,"Gribouillis (CPE)",,0,FALSE
2259,"Gribouillis de Louiseville",,0,FALSE
2260,"Gripette",,0,FALSE
2261,"Gripette Nicolet",,0,FALSE
2262,"Gros Bec",,0,FALSE
2263,"Grosse Bedaine",,0,FALSE
2264,"Grosse bédaine",,0,FALSE
2265,"Haut comme trois pommes",,0,FALSE
2266,"Haut-Richelieu",,0,FALSE
2267,"Hippo plus",,0,FALSE
2268,"Hippo plus Beauport",,0,FALSE
2269,"Hopla vie",,0,FALSE
2270,"Ile aux trésors",,0,FALSE
2271,"Ile des enfants",,0,FALSE
2272,"Ile des enfants (Hull)",,0,FALSE
2273,"Ile des Mousaillons",,0,FALSE
2274,"Ile des Moussaillons",,0,FALSE
2275,"Ile des Moussaillons (CPE)",,0,FALSE
2276,"Ile des soeurs",,0,FALSE
2277,"Imagemo",,0,FALSE
2278,"Imagémo",,0,FALSE
2279,"Jardin bleu",,0,FALSE
2280,"Jardin charmant",,0,FALSE
2281,"Jardin chez Francine inc.",,0,FALSE
2282,"Jardin chouchou doux",,0,FALSE
2283,"Jardin d'amis",,0,FALSE
2284,"Jardin de Dominique",,0,FALSE
2285,"Jardin de Fanfan",,0,FALSE
2286,"Jardin de fruits",,0,FALSE
2287,"Jardin de fruits (CPE)",,0,FALSE
2288,"Jardin de la rivière",,0,FALSE
2289,"Jardin de Pierrot",,0,FALSE
2290,"Jardin de Robi",,0,FALSE
2291,"Jardin des chouchoudoux",,0,FALSE
2292,"Jardin des enfants",,0,FALSE
2293,"Jardin des merveilles",,0,FALSE
2294,"Jardin des Rêves",,0,FALSE
2295,"Jardin Dominique Beauceville",,0,FALSE
2296,"Jardin fleuri",,0,FALSE
2297,"Jardin joli",,0,FALSE
2298,"Jardin Soleil",,0,FALSE
2299,"Jardins de Dominique",,0,FALSE
2300,"Jean-Noel Lapin",,0,FALSE
2301,"Jeannot",,0,FALSE
2302,"Joli Coeur",,0,FALSE
2303,"Jolibois",,0,FALSE
2304,"Jolibois St-Appolinaire",,0,FALSE
2305,"Joli-Coeur",,0,FALSE
2306,"Joli-coeur inc",,0,FALSE
2307,"Jolis coeurs",,0,FALSE
2308,"Jonglerie",,0,FALSE
2309,"Joujou Beloeil",,0,FALSE
2310,"Joujou de Beloeil",,0,FALSE
2311,"Joyeuse équipée",,0,FALSE
2312,"Joyeux calinours",,0,FALSE
2313,"Joyeux moussaillons Ltée",,0,FALSE
2314,"Julie Soleil",,0,FALSE
2315,"Julie-Soleil",,0,FALSE
2316,"Kaleidoscope",,0,FALSE
2317,"Kaleidoscope de Huntington",,0,FALSE
2318,"Kangourou",,0,FALSE
2319,"Kangourou Pont-Rouge",,0,FALSE
2320,"Karinours",,0,FALSE
2321,"Kateri",,0,FALSE
2322,"Katéri",,0,FALSE
2323,"La baguette magique",,0,FALSE
2324,"La Baie",,0,FALSE
2325,"La Baleine Bricoleuse",,0,FALSE
2326,"La baleine bricoleuse (CPE)",,0,FALSE
2327,"La bambinerie",,0,FALSE
2328,"La Bambinerie (CPE)",,0,FALSE
2329,"La Bamboulie",,0,FALSE
2330,"La barbouille",,0,FALSE
2331,"La bécassine",,0,FALSE
2332,"La Becquée",,0,FALSE
2333,"La belle cour",,0,FALSE
2334,"La belle journée",,0,FALSE
2335,"La belle journée inc.",,0,FALSE
2336,"La boite à Bizous",,0,FALSE
2337,"La Boite à Copains",,0,FALSE
2338,"La boite à soleil",,0,FALSE
2339,"La bonne idée",,0,FALSE
2340,"La bottine filante",,0,FALSE
2341,"La bottine souriante",,0,FALSE
2342,"La bougeotte",,0,FALSE
2343,"La bougeotte de Sillery",,0,FALSE
2344,"La Buissonnière",,0,FALSE
2345,"La Busomière",,0,FALSE
2346,"La butte à moineaux",,0,FALSE
2347,"La Cabotine",,0,FALSE
2348,"La cabotine de Joliette",,0,FALSE
2349,"La cache cache",,0,FALSE
2350,"La cache-cache",,0,FALSE
2351,"La Cache-Cache (CPE)",,0,FALSE
2352,"La cachette",,0,FALSE
2353,"La cajolerie",,0,FALSE
2354,"La campamuse",,0,FALSE
2355,"La campinoise",,0,FALSE
2356,"La chamaille",,0,FALSE
2357,"La Chanterelle",,0,FALSE
2358,"La chat-maille",,0,FALSE
2359,"La Chenille",,0,FALSE
2360,"La chenille au papillon",,0,FALSE
2361,"La chiffonnelle",,0,FALSE
2362,"La ciboulette",,0,FALSE
2363,"La cicogne",,0,FALSE
2364,"La cigale et la fourmi",,0,FALSE
2365,"La cigale et la fourmie",,0,FALSE
2366,"La cigogne",,0,FALSE
2367,"La Citronnelle",,0,FALSE
2368,"La claire fontaine",,0,FALSE
2369,"La claire fontaine de Pincourt",,0,FALSE
2370,"La clé de sol",,0,FALSE
2371,"La culbute",,0,FALSE
2372,"La Découverte",,0,FALSE
2373,"La Découverte (CPE)",,0,FALSE
2374,"La découverte c'est magique",,0,FALSE
2375,"La Découverte de l'enfance",,0,FALSE
2376,"La Découverte, c'est magique",,0,FALSE
2377,"La douce couvée",,0,FALSE
2378,"La farandole",,0,FALSE
2379,"La Fontaine (CPE)",,0,FALSE
2380,"La forêt enchantée",,0,FALSE
2381,"La forêt enchantée de LaSalle",,0,FALSE
2382,"La forêt enchantée de Warwick",,0,FALSE
2383,"La fourmilière",,0,FALSE
2384,"La Frimousse",,0,FALSE
2385,"La Giboulée",,0,FALSE
2386,"La Giroflée",,0,FALSE
2387,"La Girouette",,0,FALSE
2388,"La girouette inc.",,0,FALSE
2389,"La Goélette enchantée",,0,FALSE
2390,"La Gonglerie",,0,FALSE
2391,"La grande envolée",,0,FALSE
2392,"La grande envollée",,0,FALSE
2393,"La Grenouille Rose",,0,FALSE
2394,"La grenouille rose (CPE)",,0,FALSE
2395,"La grosse tortue",,0,FALSE
2396,"La jonglerie",,0,FALSE
2397,"La joyeuse équipe",,0,FALSE
2398,"La joyeuse équipée",,0,FALSE
2399,"La libellule",,0,FALSE
2400,"La libellule de Charny",,0,FALSE
2401,"La libellulle",,0,FALSE
2402,"La luciole",,0,FALSE
2403,"La magie du rêve",,0,FALSE
2404,"La maison bleue",,0,FALSE
2405,"La maison dans l'arbre",,0,FALSE
2406,"La maison de Bécassine",,0,FALSE
2407,"La maison des amis",,0,FALSE
2408,"La maison des enfants",,0,FALSE
2409,"La Maison des Petits Castors",,0,FALSE
2410,"La maison du Panda",,0,FALSE
2411,"La Maisonnée",,0,FALSE
2412,"La maisonnette",,0,FALSE
2413,"La marée montante",,0,FALSE
2414,"La marguerite",,0,FALSE
2415,"La Marguerite (CPE)",,0,FALSE
2416,"La marmaille",,0,FALSE
2417,"La marmaillerie",,0,FALSE
2418,"La Marmicelle",,0,FALSE
2419,"La Mère Schtroumpf",,0,FALSE
2420,"La Nichouette",,0,FALSE
2421,"La nouvelle lune",,0,FALSE
2422,"La nouvelle lune de Sherbrooke",,0,FALSE
2423,"La Passerelle",,0,FALSE
2424,"La passerelle des mousses",,0,FALSE
2425,"La Peluche",,0,FALSE
2426,"La petite ardoise",,0,FALSE
2427,"La Petite Bottine",,0,FALSE
2428,"La petite caboche",,0,FALSE
2429,"La petite cour",,0,FALSE
2430,"La petite école",,0,FALSE
2431,"La petite loutre",,0,FALSE
2432,"La petite Marine",,0,FALSE
2433,"La petite sauterelle",,0,FALSE
2434,"La petite semence",,0,FALSE
2435,"La petite station",,0,FALSE
2436,"La petite-nation",,0,FALSE
2437,"La Pirouette",,0,FALSE
2438,"La pirouline",,0,FALSE
2439,"la planète à Mars",,0,FALSE
2440,"La planète des enfants",,0,FALSE
2441,"La pleine lune",,0,FALSE
2442,"La pleine lune, Eastman",,0,FALSE
2443,"La pomme enchantée",,0,FALSE
2444,"La porte ouverte",,0,FALSE
2445,"La Prairie",,0,FALSE
2446,"La p'tite bottine",,0,FALSE
2447,"La p'tite caboche",,0,FALSE
2448,"La p'tite ruche ensoleillée",,0,FALSE
2449,"La puce à l'oreille",,0,FALSE
2450,"La queue leu leu",,0,FALSE
2451,"La ramée",,0,FALSE
2452,"La relève",,0,FALSE
2453,"La Relève (CPE)",,0,FALSE
2454,"La Relève Vaudreuil",,0,FALSE
2455,"La Ribambelle",,0,FALSE
2456,"La ribambelle du Transcontinental",,0,FALSE
2457,"La Ribambelle du Transcontinental (CPE)",,0,FALSE
2458,"La Ribambelle Transcontinentale",,0,FALSE
2459,"La Ribouldingue",,0,FALSE
2460,"La ritournelle",,0,FALSE
2461,"La rose des vents",,0,FALSE
2462,"La ruche",,0,FALSE
2463,"La ruche magique",,0,FALSE
2464,"La sagamie",,0,FALSE
2465,"La Saganne",,0,FALSE
2466,"La Salle",,0,FALSE
2467,"La sentinelle des petits",,0,FALSE
2468,"La souris verte",,0,FALSE
2469,"La toupie",,0,FALSE
2470,"La Tourelle de l'énergie",,0,FALSE
2471,"La tourniquette",,0,FALSE
2472,"La Trâlée",,0,FALSE
2473,"La trottinette carottée",,0,FALSE
2474,"La turlute",,0,FALSE
2475,"La vallée des Loupiots",,0,FALSE
2476,"La veilleuse",,0,FALSE
2477,"la voie lactee",,0,FALSE
2478,"La voie lactée",,0,FALSE
2479,"La volière",,0,FALSE
2480,"l'Abc des calinours",,0,FALSE
2481,"Labri doux",,0,FALSE
2482,"L'Abri-doux",,0,FALSE
2483,"L'Abri-doux (CPE)",,0,FALSE
2484,"L'abri-doux Prévost",,0,FALSE
2485,"Lacet de bottine",,0,FALSE
2486,"Lachine",,0,FALSE
2487,"l'Agence familiale Les pinsons",,0,FALSE
2488,"l'Alliance de Beauport",,0,FALSE
2489,"L'Amhirondelle",,0,FALSE
2490,"l'Amibule",,0,FALSE
2491,"l'Amus'ailes",,0,FALSE
2492,"l'Amus'ailés",,0,FALSE
2493,"l'anode magique",,0,FALSE
2494,"L'anse aux lievres",,0,FALSE
2495,"l'Anse aux lièvres",,0,FALSE
2496,"L'antre temps",,0,FALSE
2497,"l'Antre-Temps",,0,FALSE
2498,"L'Apprenti-sage",,0,FALSE
2499,"L'apprenti-sage de Mont-St-Hilaire",,0,FALSE
2500,"Laprairie",,0,FALSE
2501,"l'Aprenti-sage",,0,FALSE
2502,"l'Aquarelle",,0,FALSE
2503,"L'arbre enchanté",,0,FALSE
2504,"L'Arbre enchantée",,0,FALSE
2505,"L'arc en joie",,0,FALSE
2506,"L'arc en joue",,0,FALSE
2507,"l'Arc-en-joie",,0,FALSE
2508,"L'arche de Noé",,0,FALSE
2509,"L'arche des petits",,0,FALSE
2510,"Le baluchon",,0,FALSE
2511,"Le Bilboquet",,0,FALSE
2512,"Le Boisé",,0,FALSE
2513,"Le bonjour",,0,FALSE
2514,"Le carrefour des Chanterelles",,0,FALSE
2515,"Le Cept",,0,FALSE
2516,"Le Chat perché de Repentigny",,0,FALSE
2517,"Le chateau des frimousses",,0,FALSE
2518,"Le château des frimousses",,0,FALSE
2519,"Le chaton",,0,FALSE
2520,"Le cheval sautoir",,0,FALSE
2521,"Le clin d'oeil",,0,FALSE
2522,"Le clin d'oeil (CPE)",,0,FALSE
2523,"Le coffre à jouets",,0,FALSE
2524,"Le Coffre aux trésors",,0,FALSE
2525,"Le coin des enfants du parc",,0,FALSE
2526,"Le farfadet",,0,FALSE
2527,"Le fou rire (CPE)",,0,FALSE
2528,"Le fou-rire",,0,FALSE
2529,"Le funambule",,0,FALSE
2530,"Le Funambule (CPE)",,0,FALSE
2531,"Le haut Richelieu",,0,FALSE
2532,"Le hêtre",,0,FALSE
2533,"Le Hibou",,0,FALSE
2534,"Le jardin charmant",,0,FALSE
2535,"Le jardin de la rivière",,0,FALSE
2536,"Le jardin de Mathurin",,0,FALSE
2537,"Le jardin de Robi",,0,FALSE
2538,"Le jardin des chouchoudoux",,0,FALSE
2539,"Le jardin des enfants",,0,FALSE
2540,"Le Jardin des merveilles",,0,FALSE
2541,"Le jardin enchanté",,0,FALSE
2542,"Le jardin ensanté inc.",,0,FALSE
2543,"Le joyeux carrousel inc.",,0,FALSE
2544,"Le marmot qui rit",,0,FALSE
2545,"Le moulin des bambins",,0,FALSE
2546,"Le mur-mur",,0,FALSE
2547,"Le mur-mür",,0,FALSE
2548,"Le mur-mur Fermont",,0,FALSE
2549,"Le murmure",,0,FALSE
2550,"Le nid des chatouilles",,0,FALSE
2551,"Le pandami",,0,FALSE
2552,"Le papillon bleu (CPE)",,0,FALSE
2553,"Le papillon enchanté",,0,FALSE
2554,"Le petit Calimero",,0,FALSE
2555,"Le petit champlain",,0,FALSE
2556,"Le petit cheval",,0,FALSE
2557,"Le petit dargon imaginaire",,0,FALSE
2558,"Le petit dragon imaginaire",,0,FALSE
2559,"Le petit equipage",,0,FALSE
2560,"Le petit équipage",,0,FALSE
2561,"Le petit forgeron",,0,FALSE
2562,"Le petit monde de Caliméro",,0,FALSE
2563,"Le petit monde de Julie",,0,FALSE
2564,"Le petit monde du collège Ahuntsic",,0,FALSE
2565,"Le petit navire",,0,FALSE
2566,"Le petit pain d'épice",,0,FALSE
2567,"Le petit pied",,0,FALSE
2568,"Le petit poucet",,0,FALSE
2569,"Le Petit Poussin",,0,FALSE
2570,"Le petit prince coop",,0,FALSE
2571,"Le pissenlit",,0,FALSE
2572,"Le p'tit Gadu",,0,FALSE
2573,"Le p'tit Gadu inc.",,0,FALSE
2574,"Le p'tit navire",,0,FALSE
2575,"Le saute mouton",,0,FALSE
2576,"Le siffleux",,0,FALSE
2577,"Le Siffleux (CPE)",,0,FALSE
2578,"Le soleil souriant",,0,FALSE
2579,"Le Tamanoir",,0,FALSE
2580,"Le temps de rêve",,0,FALSE
2581,"Le Tournesol",,0,FALSE
2582,"Le tournesol du Fjord",,0,FALSE
2583,"Le trottineur",,0,FALSE
2584,"Le zèbre carotté",,0,FALSE
2585,"L'enfant do",,0,FALSE
2586,"l'Enfant d'or",,0,FALSE
2587,"L'enfant du fleuve",,0,FALSE
2588,"L'enfant joue",,0,FALSE
2589,"L'enfant joue (CPE)",,0,FALSE
2590,"L'Enfant joue Saint-Moise",,0,FALSE
2591,"l'Enfant Kiri",,0,FALSE
2592,"L'enfant rit",,0,FALSE
2593,"l'Enfantaisie",,0,FALSE
2594,"L'Enfantaisie (CPE)",,0,FALSE
2595,"l'Enfant-do",,0,FALSE
2596,"l'Enfanterelle",,0,FALSE
2597,"L'enfanthèque",,0,FALSE
2598,"l'Enfantillage",,0,FALSE
2599,"l'Enfantillage Coaticook",,0,FALSE
2600,"L'Enfantillage inc",,0,FALSE
2601,"l'Ensoleillé",,0,FALSE
2602,"l'Ensoleillé Fleurimont",,0,FALSE
2603,"L'ensoleillée",,0,FALSE
2604,"L'entre-temps",,0,FALSE
2605,"l'Envol",,0,FALSE
2606,"l'Envolée",,0,FALSE
2607,"Les 3 coins",,0,FALSE
2608,"Les abeilles bricoleuses (CPE)",,0,FALSE
2609,"Les abeilles Desjardins",,0,FALSE
2610,"Les amis d'Annie",,0,FALSE
2611,"Les amis de Babar",,0,FALSE
2612,"Les amis de la culbute",,0,FALSE
2613,"Les amis de la Culbutte",,0,FALSE
2614,"Les amis de la maison blanche",,0,FALSE
2615,"Les amis de Winnie",,0,FALSE
2616,"Les amis des prairies",,0,FALSE
2617,"Les amis du carré de sable",,0,FALSE
2618,"Les amis gators",,0,FALSE
2619,"Les amours de Clémence",,0,FALSE
2620,"Les ateliers les p'tits artistes de Julie",,0,FALSE
2621,"Les Belles-Rivières",,0,FALSE
2622,"Les bonheurs de Sophie",,0,FALSE
2623,"Les Bourgeons soleil",,0,FALSE
2624,"Les bourgeons soleils",,0,FALSE
2625,"Les bourgeon-soleils",,0,FALSE
2626,"Les Bourgeons-Soleil",,0,FALSE
2627,"Les Calinours",,0,FALSE
2628,"Les calins d'amour",,0,FALSE
2629,"Les câlins d'amour",,0,FALSE
2630,"Les champignoles",,0,FALSE
2631,"Les champignoles (CPE)",,0,FALSE
2632,"Les chérubins",,0,FALSE
2633,"Les chérubins inc.",,0,FALSE
2634,"Les coccinelles",,0,FALSE
2635,"Les colibris",,0,FALSE
2636,"Les contes de fée",,0,FALSE
2637,"Les copains",,0,FALSE
2638,"Les copains d'Abord",,0,FALSE
2639,"Les coquelicots",,0,FALSE
2640,"Les coquins",,0,FALSE
2641,"Les coquins d'abord",,0,FALSE
2642,"Les couches tôt",,0,FALSE
2643,"Les couches tôt, St-Bernard",,0,FALSE
2644,"Les couches-tôt",,0,FALSE
2645,"Les Croquignoles",,0,FALSE
2646,"Les dauphineaux",,0,FALSE
2647,"Les enfants d'abord",,0,FALSE
2648,"Les enfants d'abords",,0,FALSE
2649,"Les étoiles de mer",,0,FALSE
2650,"Les explorateurs",,0,FALSE
2651,"Les farfadets",,0,FALSE
2652,"Les farfadets de la pointe",,0,FALSE
2653,"Les frimousse de la vallée",,0,FALSE
2654,"Les frimousses",,0,FALSE
2655,"Les frimousses de la vallée",,0,FALSE
2656,"Les frimousses du fort",,0,FALSE
2657,"Les gamins d'ici",,0,FALSE
2658,"Les globules",,0,FALSE
2659,"Les globules roses",,0,FALSE
2660,"Les gnomes",,0,FALSE
2661,"Les gnômes",,0,FALSE
2662,"Les grenouilles",,0,FALSE
2663,"Les gribouillis",,0,FALSE
2664,"Les Jardins des chouchoudoux",,0,FALSE
2665,"Les Jardins d'Honorine",,0,FALSE
2666,"Les jardins jolis",,0,FALSE
2667,"Les jeunes pousses",,0,FALSE
2668,"Les Jeunes Pousses (CPE)",,0,FALSE
2669,"Les jeunes pousses de Waterloo",,0,FALSE
2670,"Les jeunes pousses des jardins",,0,FALSE
2671,"Les jeunes pousses des jardins du Q. à Napierville",,0,FALSE
2672,"Les Jeunes Pousses...",,0,FALSE
2673,"Les jolis minois",,0,FALSE
2674,"Les joyeux Calinours",,0,FALSE
2675,"Les libellules",,0,FALSE
2676,"Les Loupiots",,0,FALSE
2677,"Les lucioles",,0,FALSE
2678,"Les lutins",,0,FALSE
2679,"Les lutins Châteauguay",,0,FALSE
2680,"Les lutins enchanteurs",,0,FALSE
2681,"Les maisons enjouées",,0,FALSE
2682,"Les Marmousets",,0,FALSE
2683,"Les mille pattes",,0,FALSE
2684,"Les minimousses",,0,FALSE
2685,"Les minis marins",,0,FALSE
2686,"Les minis marins et la petite marine",,0,FALSE
2687,"Les moussaillons",,0,FALSE
2688,"Les moussaillons (CPE)",,0,FALSE
2689,"Les moussaillons(Joliette)",,0,FALSE
2690,"Les Mousses",,0,FALSE
2691,"Les mousses du Mont",,0,FALSE
2692,"Les Pandamis",,0,FALSE
2693,"Les patriotes",,0,FALSE
2694,"Les petites abeilles",,0,FALSE
2695,"Les petites bulles",,0,FALSE
2696,"Les petites coccinelles",,0,FALSE
2697,"Les petites frimousses de Suzie Thériault",,0,FALSE
2698,"Les petites girouettes",,0,FALSE
2699,"Les petites joies",,0,FALSE
2700,"Les petites puces",,0,FALSE
2701,"Les petites souris",,0,FALSE
2702,"Les petites travailleures",,0,FALSE
2703,"Les petites Zabeilles",,0,FALSE
2704,"Les petits adultes",,0,FALSE
2705,"Les petits amis",,0,FALSE
2706,"Les petits amis de Lorraine (CPE)",,0,FALSE
2707,"Les petits baluchons",,0,FALSE
2708,"Les petits bécots",,0,FALSE
2709,"Les petits bonheurs",,0,FALSE
2710,"Les petits bonheurs d'Isabelle",,0,FALSE
2711,"Les petits cailloux",,0,FALSE
2712,"Les petits campagnards",,0,FALSE
2713,"Les petits chatons",,0,FALSE
2714,"Les petits chatons inc",,0,FALSE
2715,"Les petits chatons inc.",,0,FALSE
2716,"Les petits chemineaux",,0,FALSE
2717,"Les petits collégiens",,0,FALSE
2718,"Les petits doigts",,0,FALSE
2719,"Les Petits Élans",,0,FALSE
2720,"Les petits flots",,0,FALSE
2721,"Les petits fouineurs",,0,FALSE
2722,"Les petits frippons",,0,FALSE
2723,"Les petits griffons",,0,FALSE
2724,"Les petits lapins",,0,FALSE
2725,"Les petits lurons",,0,FALSE
2726,"Les petits lutins de Roussin",,0,FALSE
2727,"Les petits lutins de Roussin (CPE)",,0,FALSE
2728,"Les petits manitous",,0,FALSE
2729,"Les petits Manitous de Mt-Tremblant",,0,FALSE
2730,"Les petits merlots",,0,FALSE
2731,"Les Petits Montois",,0,FALSE
2732,"Les petits mousses",,0,FALSE
2733,"Les Petits Mulots",,0,FALSE
2734,"Les petits murmures",,0,FALSE
2735,"Les petits mur-murs",,0,FALSE
2736,"Les petits patriotes",,0,FALSE
2737,"Les petits pieds",,0,FALSE
2738,"Les petits Pierrot",,0,FALSE
2739,"Les petits Pierrots",,0,FALSE
2740,"Les petits rayons de soleil",,0,FALSE
2741,"Les petits semeurs",,0,FALSE
2742,"Les petits soleils",,0,FALSE
2743,"Les petits soleils magiques",,0,FALSE
2744,"Les petits souliers",,0,FALSE
2745,"Les petits t'Aquin",,0,FALSE
2746,"Les petits taquins",,0,FALSE
2747,"Les petits travailleurs",,0,FALSE
2748,"Les petits trésor de Boisbriand",,0,FALSE
2749,"Les petits trésors",,0,FALSE
2750,"Les petits trésors de Boisbriand",,0,FALSE
2751,"Les picassos de l'ile",,0,FALSE
2752,"Les Picassos de l'île",,0,FALSE
2753,"Les Picassos de l'Ile (CPE)",,0,FALSE
2754,"Les Pinsons",,0,FALSE
2755,"Les pinsons Luceville",,0,FALSE
2756,"Les polissons",,0,FALSE
2757,"Les Poussineaux",,0,FALSE
2758,"Les poussinelles",,0,FALSE
2759,"Les poussinots",,0,FALSE
2760,"Les poussinots Alakazoo",,0,FALSE
2761,"Les poussinots d'Alakazou",,0,FALSE
2762,"Les Premiers Pas",,0,FALSE
2763,"Les premiers pas (CPE)",,0,FALSE
2764,"Les primevères",,0,FALSE
2765,"Les p'tites abeilles",,0,FALSE
2766,"Les p'tites frimousses",,0,FALSE
2767,"Les ptites mains de demain",,0,FALSE
2768,"Les p'tites mains de demain",,0,FALSE
2769,"Les p'tites pies",,0,FALSE
2770,"Les p'tits bécots",,0,FALSE
2771,"Les p'tits bijoux",,0,FALSE
2772,"Les p'tits bonheurs",,0,FALSE
2773,"Les p'tits bourgeons",,0,FALSE
2774,"Les p'tits Lutins",,0,FALSE
2775,"Les p'tits montois",,0,FALSE
2776,"Les p'tits papillons",,0,FALSE
2777,"Les p'tits soleils",,0,FALSE
2778,"Les p'tits soleils magiques",,0,FALSE
2779,"Les p'tits trésors de Val Bélair",,0,FALSE
2780,"Les quatre coins du monde",,0,FALSE
2781,"Les Renardeaux",,0,FALSE
2782,"Les Schtoumphs",,0,FALSE
2783,"Les soleils de Mékinac",,0,FALSE
2784,"Les souriceaux",,0,FALSE
2785,"Les souriceaux St-Prime",,0,FALSE
2786,"Les tisserands",,0,FALSE
2787,"Les touche à tout",,0,FALSE
2788,"Les touche-à-tout",,0,FALSE
2789,"Les touches à tout",,0,FALSE
2790,"Les Tourelous",,0,FALSE
2791,"Les tourterelles",,0,FALSE
2792,"Les tourterelles de Rigaud",,0,FALSE
2793,"Les trésors de la vie",,0,FALSE
2794,"Les trois coins",,0,FALSE
2795,"Les trois coins (CPE)",,0,FALSE
2796,"Les trois pommes de Compton",,0,FALSE
2797,"Les Trotinettes",,0,FALSE
2798,"Les Trottineurs",,0,FALSE
2799,"Les vers à choux",,0,FALSE
2800,"l'Escouade des mioches",,0,FALSE
2801,"L'Espièglerie",,0,FALSE
2802,"l'Essentiel",,0,FALSE
2803,"L'Essentiel (CPE)",,0,FALSE
2804,"L'éveil des chérubins",,0,FALSE
2805,"L'éveil enfantin",,0,FALSE
2806,"L'éveil enfantin (CPE)",,0,FALSE
2807,"L'hôtel des petits",,0,FALSE
2808,"l'Ile aux trésors",,0,FALSE
2809,"L'ile des enfants",,0,FALSE
2810,"L'île des enfants",,0,FALSE
2811,"l'Ile des enfants de Hull",,0,FALSE
2812,"L'Ile des Mousaillons",,0,FALSE
2813,"LIle des Moussaillons",,0,FALSE
2814,"l'Ile des moussaillons",,0,FALSE
2815,"LÎle des Moussaillons",,0,FALSE
2816,"l'Imagerie",,0,FALSE
2817,"Limbour",,0,FALSE
2818,"Limbour (De l'érablière ?)",,0,FALSE
2819,"Logis ciel",,0,FALSE
2820,"Logis-Ciel",,0,FALSE
2821,"Logis-ciel (CPE)",,0,FALSE
2822,"l'Oiseau bleu",,0,FALSE
2823,"Longueuil Est",,0,FALSE
2824,"l'Orée de chez moi",,0,FALSE
2825,"L'Orée de chez-moi",,0,FALSE
2826,"Luminou",,0,FALSE
2827,"L'Univers des Copains",,0,FALSE
2828,"l'Univers des enfants",,0,FALSE
2829,"l'univers des petits",,0,FALSE
2830,"L'Univers des Petits (CPE)",,0,FALSE
2831,"Lutins de Roussin",,0,FALSE
2832,"M. Grosse bedaine",,0,FALSE
2833,"Ma Famigarde",,0,FALSE
2834,"Ma garderie souris Mimi",,0,FALSE
2835,"Ma licorne",,0,FALSE
2836,"Mafamigarde",,0,FALSE
2837,"Magie du rêve",,0,FALSE
2838,"Magimo",,0,FALSE
2839,"magimot",,0,FALSE
2840,"Magimuse",,0,FALSE
2841,"Magino",,0,FALSE
2842,"Main dans la main",,0,FALSE
2843,"Main dans la main (CPE)",,0,FALSE
2844,"Maison dans l'arbre, Hudson",,0,FALSE
2845,"Maison des petits castors",,0,FALSE
2846,"Maisons enjouées",,0,FALSE
2847,"Mamie Pom",,0,FALSE
2848,"Mamie pomme",,0,FALSE
2849,"Mamie Soleil",,0,FALSE
2850,"Mamie-Soleil",,0,FALSE
2851,"Mamuse et méduque",,0,FALSE
2852,"Manège des tout-petits",,0,FALSE
2853,"Manège des Touts-Petits",,0,FALSE
2854,"Marée montante",,0,FALSE
2855,"Margo La lune",,0,FALSE
2856,"Margot la lune",,0,FALSE
2857,"Marie Quat'Poches",,0,FALSE
2858,"Marie soleil",,0,FALSE
2859,"Marie-lune",,0,FALSE
2860,"Marie-soleil",,0,FALSE
2861,"Marmaillerie",,0,FALSE
2862,"Marmotte qui rit",,0,FALSE
2863,"Matane",,0,FALSE
2864,"Matapédia Joyeux marmots",,0,FALSE
2865,"Matin soleil",,0,FALSE
2866,"Mère framboise",,0,FALSE
2867,"Mes petits chéris",,0,FALSE
2868,"MF",,0,FALSE
2869,"Milieu familial privé",,0,FALSE
2870,"Milieu familial-service de garde Hélène Dubé",,0,FALSE
2871,"Mille Couleurs",,0,FALSE
2872,"Mille fleurs",,0,FALSE
2873,"Mille pattes",,0,FALSE
2874,"Mille-fleurs",,0,FALSE
2875,"Milou",,0,FALSE
2876,"Mimosa",,0,FALSE
2877,"Mini Campus",,0,FALSE
2878,"Mini fée",,0,FALSE
2879,"Mini monde",,0,FALSE
2880,"Mini-Campus",,0,FALSE
2881,"Mini-fée inc",,0,FALSE
2882,"Mini-monde",,0,FALSE
2883,"Minimousses",,0,FALSE
2884,"Minipuces",,0,FALSE
2885,"Mini-puces",,0,FALSE
2886,"Mistigri",,0,FALSE
2887,"Mlle Pluche",,0,FALSE
2888,"Moi et mes amis",,0,FALSE
2889,"Mon ami Pipo",,0,FALSE
2890,"Mon monde à moi",,0,FALSE
2891,"Monsieur Grosse Bedaine",,0,FALSE
2892,"Montessori de Québec",,0,FALSE
2893,"Montréal-Nord",,0,FALSE
2894,"Mouille pieds",,0,FALSE
2895,"Moulin des bambins",,0,FALSE
2896,"Mousses du Mont",,0,FALSE
2897,"Multi Gardes",,0,FALSE
2898,"Multi-Garde",,0,FALSE
2899,"Multigardes",,0,FALSE
2900,"Multi-Gardes",,0,FALSE
2901,"Multiplus",,0,FALSE
2902,"Multi-plus",,0,FALSE
2903,"Nez à nez",,0,FALSE
2904,"Nez-à-nez",,0,FALSE
2905,"Nid des petits",,0,FALSE
2906,"Nid des petits de St-Raymond",,0,FALSE
2907,"Nid d'Hirondelle",,0,FALSE
2908,"Nouvelle lune",,0,FALSE
2909,"O mille ballons",,0,FALSE
2910,"Orak",,0,FALSE
2911,"Pain de sucre",,0,FALSE
2912,"Pain de sucre (CPE)",,0,FALSE
2913,"palou la coccinelle",,0,FALSE
2914,"Pamplemousse",,0,FALSE
2915,"Panda",,0,FALSE
2916,"Pandamis",,0,FALSE
2917,"Papillon Enchanté",,0,FALSE
2918,"Papillons enchanté",,0,FALSE
2919,"Pas reçu janv.10 erreur de postes C.on lui en a en",,0,FALSE
2920,"Passe Lacets",,0,FALSE
2921,"Passe-Lacets",,0,FALSE
2922,"Passe-partout",,0,FALSE
2923,"Passerelle des mousse",,0,FALSE
2924,"Passerelle des mousses",,0,FALSE
2925,"Pastel",,0,FALSE
2926,"Pastelle",,0,FALSE
2927,"Patro Bouts d'Choux",,0,FALSE
2928,"Peluche et aventure",,0,FALSE
2929,"Pepe Le Pew",,0,FALSE
2930,"Pépino et Capucine",,0,FALSE
2931,"Pépinot et Capucine",,0,FALSE
2932,"Percée de soleil",,0,FALSE
2933,"Petit à petit",,0,FALSE
2934,"Petit brin de foin",,0,FALSE
2935,"Petit équipage",,0,FALSE
2936,"Petit forgeron",,0,FALSE
2937,"Petit monde du collège Ahuntsic",,0,FALSE
2938,"Petit Tambourin",,0,FALSE
2939,"Petite nation",,0,FALSE
2940,"Petite semence",,0,FALSE
2941,"Petite station",,0,FALSE
2942,"Petite-nation",,0,FALSE
2943,"Petites bulles",,0,FALSE
2944,"Petites puces",,0,FALSE
2945,"Petits bonheurs",,0,FALSE
2946,"Petits bonheurs (CPE)",,0,FALSE
2947,"Petits pieds",,0,FALSE
2948,"Picabou",,0,FALSE
2949,"Picassou",,0,FALSE
2950,"Pierre Boucher",,0,FALSE
2951,"Pierrot Colombine",,0,FALSE
2952,"Pierrot et Colombine",,0,FALSE
2953,"Pierrot la lune",,0,FALSE
2954,"Pierrot le granit",,0,FALSE
2955,"Pierrot-la-Lune",,0,FALSE
2956,"Pierrot-le-Granit",,0,FALSE
2957,"Pierrot-le-Granit ""sous les étoiles""",,0,FALSE
2958,"Pignon sur rue",,0,FALSE
2959,"Pignons sur rue",,0,FALSE
2960,"Pignons sur rue***",,0,FALSE
2961,"Pipandor",,0,FALSE
2962,"Pirouette de Fabreville",,0,FALSE
2963,"Pitatou",,0,FALSE
2964,"Pitatou (CPE)",,0,FALSE
2965,"Pitatou St-Pascal",,0,FALSE
2966,"Plaisir d'enfant",,0,FALSE
2967,"Plaisir d'enfants",,0,FALSE
2968,"Plaisirs d'enfant",,0,FALSE
2969,"Plaisirs d'enfants",,0,FALSE
2970,"Plaisirs d'enfants Carignan",,0,FALSE
2971,"Planète à Mars",,0,FALSE
2972,"Planete soleil",,0,FALSE
2973,"Planète Soleil",,0,FALSE
2974,"Plein de tendresse",,0,FALSE
2975,"Plein soleil",,0,FALSE
2976,"Plein-soleil",,0,FALSE
2977,"Plumeau soleil",,0,FALSE
2978,"Plumeau-soleil",,0,FALSE
2979,"Poil de peluche",,0,FALSE
2980,"Poil de peluche Weadon",,0,FALSE
2981,"Polichinelle",,0,FALSE
2982,"Polichinelle inc.",,0,FALSE
2983,"Pomettes rouges",,0,FALSE
2984,"Pomme - Cannelle",,0,FALSE
2985,"Pomme Cannelle",,0,FALSE
2986,"Pomme d'Api",,0,FALSE
2987,"Pomme-Canelle",,0,FALSE
2988,"Pommettes rouges",,0,FALSE
2989,"Pouce Pousse",,0,FALSE
2990,"Pouce-pousse",,0,FALSE
2991,"Pouce-pousse inc.",,0,FALSE
2992,"Pour vos tout petits",,0,FALSE
2993,"Pousse pouce",,0,FALSE
2994,"Pousse-lacets",,0,FALSE
2995,"Poussineaux",,0,FALSE
2996,"Poussinots d'Alakazou",,0,FALSE
2997,"Pratt",,0,FALSE
2998,"Premier Pas",,0,FALSE
2999,"Premiers pas",,0,FALSE
3000,"privée",,0,FALSE
3001,"P'tites Frimousses",,0,FALSE
3002,"P'tits bécots",,0,FALSE
3003,"Québec centre",,0,FALSE
3004,"Rayon de lune",,0,FALSE
3005,"Rayon de soleil",,0,FALSE
3006,"Rendez-vous des amis",,0,FALSE
3007,"Réseau Petit Pas",,0,FALSE
3008,"Réseau Petits pas",,0,FALSE
3009,"Ribambelle d'Aylmer",,0,FALSE
3010,"Ritourn'ailes",,0,FALSE
3011,"Roc Amadour",,0,FALSE
3012,"Rosamie",,0,FALSE
3013,"Roule ta pomme",,0,FALSE
3014,"Roule-ta-pomme",,0,FALSE
3015,"Royaume bout-de-choux",,0,FALSE
3016,"Royaume des bouts d'choux",,0,FALSE
3017,"Royaume des bouts de choux",,0,FALSE
3018,"Royaumes des bouts de choux",,0,FALSE
3019,"Sainte-Foy Sillery Milieu familial",,0,FALSE
3020,"Saint-Jean-Chrysostome",,0,FALSE
3021,"Saint-Lambert",,0,FALSE
3022,"Saint-Luc",,0,FALSE
3023,"Saint-Luc Installation Le Boisé",,0,FALSE
3024,"Saint-Philippe",,0,FALSE
3025,"Saute crapaud",,0,FALSE
3026,"Saute crapeau",,0,FALSE
3027,"Saute mouton",,0,FALSE
3028,"Saute-Crapaud",,0,FALSE
3029,"Saute-mouton",,0,FALSE
3030,"Saute-moutons",,0,FALSE
3031,"Sel et poivre",,0,FALSE
3032,"Sentinelle des petits",,0,FALSE
3033,"Service de garde Pas à pas",,0,FALSE
3034,"Ses amis",,0,FALSE
3035,"Soleil à la lune (CPE)",,0,FALSE
3036,"Soleil de Jeannot",,0,FALSE
3037,"Soleil joyeux",,0,FALSE
3038,"Soleil souriant",,0,FALSE
3039,"Soleil-Joyeux",,0,FALSE
3040,"Soleils de Mékinao",,0,FALSE
3041,"Sophie inc.",,0,FALSE
3042,"Souriceaux",,0,FALSE
3043,"Sous le bon toit",,0,FALSE
3044,"Sous le bon toît",,0,FALSE
3045,"Sous les étoiles (Pierrot le Granit)",,0,FALSE
3046,"Station des moulins",,0,FALSE
3047,"Station Enfance",,0,FALSE
3048,"Station enfance des moulins",,0,FALSE
3049,"Station les p'tits Bourgeons",,0,FALSE
3050,"St-Edouard",,0,FALSE
3051,"St-Edward",,0,FALSE
3052,"Ste-Gertrude",,0,FALSE
3053,"Ste-Rose",,0,FALSE
3054,"St-Jean Chrysostome",,0,FALSE
3055,"St-Jean-Chrysostome",,0,FALSE
3056,"St-Lambert",,0,FALSE
3057,"St-Luc",,0,FALSE
3058,"St-Michel",,0,FALSE
3059,"St-Philipe",,0,FALSE
3060,"St-Philippe",,0,FALSE
3061,"Sur une patte",,0,FALSE
3062,"Tamanoir",,0,FALSE
3063,"Tam-tam",,0,FALSE
3064,"Tebezinan",,0,FALSE
3065,"Tébézinan",,0,FALSE
3066,"Tebizinan",,0,FALSE
3067,"Tebizinân",,0,FALSE
3068,"Tébizinan",,0,FALSE
3069,"Tébizinân",,0,FALSE
3070,"Techniques familiales du collège",,0,FALSE
3071,"Tire d'aile",,0,FALSE
3072,"Tirelou",,0,FALSE
3073,"Tirelou de Rawdon",,0,FALSE
3074,"Ton ami Pipo",,0,FALSE
3075,"Ton ami pipo fanfan soleil",,0,FALSE
3076,"Touchatouille",,0,FALSE
3077,"Tourelle de l'énergie",,0,FALSE
3078,"Tournesol",,0,FALSE
3079,"Tournesol du fjord",,0,FALSE
3080,"Touts petits, toutes petites",,0,FALSE
3081,"Trois petits points",,0,FALSE
3082,"Trois petits tours",,0,FALSE
3083,"Trotte-menu",,0,FALSE
3084,"Turluson",,0,FALSE
3085,"Univers des copains",,0,FALSE
3086,"Univers des petits",,0,FALSE
3087,"Val des neiges",,0,FALSE
3088,"Val des neiges (Morin Heights)",,0,FALSE
3089,"Vallée sourire",,0,FALSE
3090,"Villeneuve",,0,FALSE
3091,"Vos tous petits",,0,FALSE
3092,"Zamizoo",,0,FALSE
3093,"Zamizoo inc.",,0,FALSE
3094,"Zamizou",,0,FALSE
3095,"Le Rêve de Caillette",,0,TRUE
