"Tb_Code","Tb_Desc","Tb_Type","Tb_Short","Tb_Sort"
1,,"CPE",,0
2,"*** ""Sous les étoiles","CPE",,0
3,"*** A la Bonne Garde","CPE",,0
4,"*** À la bonne garde","CPE",,0
5,"*** Ahuntsic","CPE",,0
6,"*** Alliance de Beauport","CPE",,0
7,"*** Amigator","CPE",,0
8,"*** Ami-Gator","CPE",,0
9,"*** Au palais des merveilles","CPE",,0
10,"*** Au pied de l'Échelle","CPE",,0
11,"*** Au soleil levant","CPE",,0
12,"*** Aurore Boréale","CPE",,0
13,"*** Aux portes du matin","CPE",,0
14,"*** Baliballon","CPE",,0
15,"*** Bali-ballon","CPE",,0
16,"*** Balillon","CPE",,0
17,"*** Balliballon","CPE",,0
18,"*** Balli-ballon","CPE",,0
19,"*** Bambinerie","CPE",,0
20,"*** Beauport","CPE",,0
21,"*** Bonaventure","CPE",,0
22,"*** Bonnaventure","CPE",,0
23,"*** Bonne aventure","CPE",,0
24,"*** Bout en train","CPE",,0
25,"*** Boute en train","CPE",,0
26,"*** Boute-en-train","CPE",,0
27,"*** Bout-en-train","CPE",,0
28,"*** Cabanon","CPE",,0
29,"*** Cadet Roussel","CPE",,0
30,"*** Calimero","CPE",,0
31,"*** Caliméro","CPE",,0
32,"*** Calinours","CPE",,0
33,"*** Carosse citrouille","CPE",,0
34,"*** Carrosse citrouille","CPE",,0
35,"*** Cerf-volant","CPE",,0
36,"*** Chat perché","CPE",,0
37,"*** Chez ma tante","CPE",,0
38,"*** Chez moi chez toi","CPE",,0
39,"*** Chez-moi, Chez-toi","CPE",,0
40,"*** Chicoutimi","CPE",,0
41,"*** CPE Cadéroussel","CPE",,0
42,"*** CPE de la pointe","CPE",,0
43,"*** CPE des petits élans","CPE",,0
44,"*** CPE l'escale","CPE",,0
45,"*** Croque la vie","CPE",,0
46,"*** de Beauport","CPE",,0
47,"*** de Fleurimont","CPE",,0
48,"*** de la Baie","CPE",,0
49,"*** de Matane","CPE",,0
50,"*** Des Appalaches","CPE",,0
51,"*** des Hautes marées","CPE",,0
52,"*** Des petits élans","CPE",,0
53,"*** Des premiers pas","CPE",,0
54,"*** Deux montagnes","CPE",,0
55,"*** Deux-montagnes","CPE",,0
56,"*** du Grand Chicoutimi","CPE",,0
57,"*** Du Haut St-Francois","CPE",,0
58,"*** Du soleil à la lune","CPE",,0
59,"*** du Témiscouata","CPE",,0
60,"*** Fami-garde","CPE",,0
61,"*** Familiagarde","CPE",,0
62,"*** Familigarde","CPE",,0
63,"*** Famili-garde","CPE",,0
64,"*** Familigarde de Granby","CPE",,0
65,"*** Famili-garde Estrie","CPE",,0
66,"*** Famili-Gard'Estrie","CPE",,0
67,"*** Fardoche","CPE",,0
68,"*** Feux follets","CPE",,0
69,"*** Fleurimont","CPE",,0
70,"*** Force vive","CPE",,0
71,"*** Frimousse","CPE",,0
72,"*** Gaminville","CPE",,0
73,"*** Gatinerie","CPE",,0
74,"*** Grand Chicoutimi","CPE",,0
75,"*** Grande ourse","CPE",,0
76,"*** Gribouilli","CPE",,0
77,"*** Gribouillie","CPE",,0
78,"*** Gribouillis","CPE",,0
79,"*** Gros becs","CPE",,0
80,"*** Haut St-Francois","CPE",,0
81,"*** Haut St-François","CPE",,0
82,"*** Jardins de fruits","CPE",,0
83,"*** Joie de vivre","CPE",,0
84,"*** Jolis coeurs","CPE",,0
85,"*** Jonquière","CPE",,0
86,"*** Joyeux calinours","CPE",,0
87,"*** Joyeux lutin","CPE",,0
88,"*** Joyeux Lutins","CPE",,0
89,"*** Kaléidoscope","CPE",,0
90,"*** Kangourou","CPE",,0
91,"*** La baleine bricoleuse","CPE",,0
92,"*** La Bambinerie","CPE",,0
93,"*** La bambinette","CPE",,0
94,"*** La belle grenouille","CPE",,0
95,"*** La belle journée","CPE",,0
96,"*** La bonne aventure","CPE",,0
97,"*** La bonne garde","CPE",,0
98,"*** La chenille","CPE",,0
99,"*** La douce couvée","CPE",,0
100,"*** La Farandole","CPE",,0
101,"*** La fourmillière","CPE",,0
102,"*** La Gatinerie","CPE",,0
103,"*** La giroflée","CPE",,0
104,"*** La girouette","CPE",,0
105,"*** La grande ourse","CPE",,0
106,"*** La grenouille","CPE",,0
107,"*** La grenouille rose","CPE",,0
108,"*** La joie de vivre","CPE",,0
109,"*** La joyeuse équipé","CPE",,0
110,"*** La joyeuse équipée","CPE",,0
111,"*** La maison des amis","CPE",,0
112,"*** La marée montante","CPE",,0
113,"*** La marelle","CPE",,0
114,"*** La marelle de Victoriaville","CPE",,0
115,"*** La mère Schtroumpf","CPE",,0
116,"*** La mère Schtroumph","CPE",,0
117,"*** La petite marine","CPE",,0
118,"*** La petite Ourse","CPE",,0
119,"*** La Pocatière","CPE",,0
120,"*** La ribambelle","CPE",,0
121,"*** La Ribambelle d'Aylmer","CPE",,0
122,"*** La rose des vents","CPE",,0
123,"*** La ruche magique","CPE",,0
124,"*** La sourcière","CPE",,0
125,"*** La vallée des loupiots","CPE",,0
126,"*** La vallée des Lupiau","CPE",,0
127,"*** l'Agence Bonnaventure","CPE",,0
128,"*** l'Alliance de Beauport","CPE",,0
129,"*** Lamaison des amis","CPE",,0
130,"*** Lamarelle des Bois francs","CPE",,0
131,"*** l'Ami soleil","CPE",,0
132,"*** l'Antre-temps","CPE",,0
133,"*** l'Attrait mignon","CPE",,0
134,"*** l'Attrait-mignon","CPE",,0
135,"*** l'Aurore boréale","CPE",,0
136,"*** Le baluchon","CPE",,0
137,"*** Le bout-en-train","CPE",,0
138,"*** Le carrefour","CPE",,0
139,"*** Le centre des moulins","CPE",,0
140,"*** Le centre des petits mousses","CPE",,0
141,"*** Le Cerf volant","CPE",,0
142,"*** Le cerf-volant","CPE",,0
143,"*** Le chat perché","CPE",,0
144,"*** Le chez moi des petits","CPE",,0
145,"*** Le haut St-Francois","CPE",,0
146,"*** Le jardin des rêves","CPE",,0
147,"*** Le Kangourou","CPE",,0
148,"*** Le mini monde","CPE",,0
149,"*** Le palais des merveilles","CPE",,0
150,"*** Le petit baluchon","CPE",,0
151,"*** Le petit chaton","CPE",,0
152,"*** Le petit collégien","CPE",,0
153,"*** Le petit monde de Calimero","CPE",,0
154,"*** Le petit pommier","CPE",,0
155,"*** Le petit tambour","CPE",,0
156,"*** Le petit train","CPE",,0
157,"*** Le soleil levant","CPE",,0
158,"*** l'Enchanté","CPE",,0
159,"*** l'Enfant-do","CPE",,0
160,"*** l'Enfantillage","CPE",,0
161,"*** l'Enfantillage de Coaticook","CPE",,0
162,"*** l'Entre-temps","CPE",,0
163,"*** Les aides de la nature","CPE",,0
164,"*** Les amigators","CPE",,0
165,"*** Les amis de la culbute","CPE",,0
166,"*** Les amis gators","CPE",,0
167,"*** Les Appalaches","CPE",,0
168,"*** Les calinours","CPE",,0
169,"*** Les cerfs-volant","CPE",,0
170,"*** Les copains d'abord","CPE",,0
171,"*** Les copins d'abord","CPE",,0
172,"*** Les coquins","CPE",,0
173,"*** Les coteaux","CPE",,0
174,"*** Les feux follets","CPE",,0
175,"*** Les feux-follets","CPE",,0
176,"*** Les frimousses","CPE",,0
177,"*** Les Frimousses de la vallée","CPE",,0
178,"*** Les frimousses de la vallée du Richelieu","CPE",,0
179,"*** Les Gatineries","CPE",,0
180,"*** Les grenouilles roses","CPE",,0
181,"*** Les gribouillis","CPE",,0
182,"*** Les jeunes pousses de Napierville","CPE",,0
183,"*** Les jolis minois","CPE",,0
184,"*** Les joyeux calinours","CPE",,0
185,"*** Les joyeux lutins","CPE",,0
186,"*** Les joyeux marmots","CPE",,0
187,"*** Les lieux des enfants","CPE",,0
188,"*** Les maisons enjouées","CPE",,0
189,"*** Les mille pattes","CPE",,0
190,"*** Les mille-pattes","CPE",,0
191,"*** Les petits baluchons","CPE",,0
192,"*** Les petits chatons","CPE",,0
193,"*** Les petits collégiens","CPE",,0
194,"*** Les petits élans","CPE",,0
195,"*** Les petits frimousses de la vallée","CPE",,0
196,"*** Les petits lutins","CPE",,0
197,"*** Les petits lutins de Drummondville","CPE",,0
198,"*** Les petits maringouins","CPE",,0
199,"*** Les petits marins","CPE",,0
200,"*** Les petits mousses","CPE",,0
201,"*** Les petits mulots","CPE",,0
202,"*** Les petits pommiers","CPE",,0
203,"*** Les petits soleils","CPE",,0
204,"*** Les petits soleils de Saint-Dorothée","CPE",,0
205,"*** Les petits soleils de Ste-Dorothée","CPE",,0
206,"*** Les pinceaux","CPE",,0
207,"*** Les pinsons","CPE",,0
208,"*** Les Pirouettes","CPE",,0
209,"*** Les pomettes rouges","CPE",,0
210,"*** Les pommettes rouges","CPE",,0
211,"*** Les portes du matin","CPE",,0
212,"*** Les premiers pas","CPE",,0
213,"*** Les p'tits collégiens","CPE",,0
214,"*** Les p'tits mousses","CPE",,0
215,"*** Les trois petits points","CPE",,0
216,"*** l'Escale","CPE",,0
217,"*** l'Essentiel","CPE",,0
218,"*** l'Éveil de la nature","CPE",,0
219,"*** Lieux des petits","CPE",,0
220,"*** Ma belle grenouille","CPE",,0
221,"*** Ma famigarde","CPE",,0
222,"*** Ma Fami-garde","CPE",,0
223,"*** Magimot","CPE",,0
224,"*** Magimuse","CPE",,0
225,"*** Magino","CPE",,0
226,"*** Main dans la main","CPE",,0
227,"*** Maison des amis","CPE",,0
228,"*** Mamie pomme","CPE",,0
229,"*** Mamie Soleil","CPE",,0
230,"*** Mamie-Pom","CPE",,0
231,"*** Mamie-pomme","CPE",,0
232,"*** Mamie-Soleil","CPE",,0
233,"*** Mamy fer","CPE",,0
234,"*** Mamy soleil","CPE",,0
235,"*** Marée montante","CPE",,0
236,"*** Matane","CPE",,0
237,"*** Mère Schtroumph","CPE",,0
238,"*** Mille-pattes","CPE",,0
239,"*** Mini monde","CPE",,0
240,"*** Mini-monde","CPE",,0
241,"*** Mon autre maison","CPE",,0
242,"*** Montréal Nord","CPE",,0
243,"*** Montréal-Nord","CPE",,0
244,"*** Mrc de Montmagny","CPE",,0
245,"*** MRC Montmagny","CPE",,0
246,"*** Palais des merveilles","CPE",,0
247,"*** Petit monde de Calimero","CPE",,0
248,"*** Petit Tambour","CPE",,0
249,"*** Petits chatons","CPE",,0
250,"*** Petits pompiers","CPE",,0
251,"*** Picabou 1-2-3","CPE",,0
252,"*** Pignon sur rue","CPE",,0
253,"*** Pirouette","CPE",,0
254,"*** Pitchounette","CPE",,0
255,"*** Planète soleil","CPE",,0
256,"*** Planète-soleil","CPE",,0
257,"*** Pour vos tout petits","CPE",,0
258,"*** Pour vos tout-petits","CPE",,0
259,"*** Quatre soleils","CPE",,0
260,"*** Rayons de soleil","CPE",,0
261,"*** Réseau petit pas","CPE",,0
262,"*** Rivière du Loup","CPE",,0
263,"*** Rose des vents","CPE",,0
264,"*** Soleil levant","CPE",,0
265,"*** Soulange","CPE",,0
266,"*** Soulanges","CPE",,0
267,"*** Sous bon toit","CPE",,0
268,"*** Sous le bon toit","CPE",,0
269,"*** Sous les étoiles","CPE",,0
270,"*** Station enfance","CPE",,0
271,"*** Station enfance des moulins","CPE",,0
272,"*** Station enfance du moulin","CPE",,0
273,"*** Station enfants des moulins","CPE",,0
274,"*** St-Léonard","CPE",,0
275,"*** St-Romuald","CPE",,0
276,"*** Sur les étoiles","CPE",,0
277,"*** Tchou-Tchou","CPE",,0
278,"*** Témiscouata","CPE",,0
279,"*** Trois Petits Points","CPE",,0
280,"*** Trottinette carottée","CPE",,0
281,"*** Vert crêpe","CPE",,0
282,"*** Vire crêpe","CPE",,0
283,"*** Vire-crêpe","CPE",,0
284,"***""ABCMF Beauport ","CPE",,0
285,"**** Joie de vivre","CPE",,0
286,"***Aux portes du matin","CPE",,0
287,"***Cadet Rousselle","CPE",,0
288,"***Deux Montagnes","CPE",,0
289,"***Du GRand Chicoutimi","CPE",,0
290,"***Enfant Do","CPE",,0
291,"***Familigard'Estrie","CPE",,0
292,"***Gamin gamine","CPE",,0
293,"***La maison des amis","CPE",,0
294,"***La mère Schtroumph","CPE",,0
295,"***La ribambelle d'Aylmer","CPE",,0
296,"***La rose des vents","CPE",,0
297,"***L'Enfantillage","CPE",,0
298,"***Les amis Gators","CPE",,0
299,"***Les copains d'abord","CPE",,0
300,"***Les Coquins","CPE",,0
301,"***Les feux follets","CPE",,0
302,"***Les Jardins de fruits","CPE",,0
303,"***Les maisons enjouées","CPE",,0
304,"***Les petits Baluchons","CPE",,0
305,"***Les petits collégiens","CPE",,0
306,"***Les soleils de Mékinac","CPE",,0
307,"***l'Escale","CPE",,0
308,"***Magimuse","CPE",,0
309,"***Montréal-Nord","CPE",,0
310,"***MrC de la Jacques Cartier","CPE",,0
311,"***Pirouette","CPE",,0
312,"***Pitchounette","CPE",,0
313,"***Rayons de Soleil","CPE",,0
314,"***Rivière-du-Loup","CPE",,0
315,"***Soulanges","CPE",,0
316,"***Sous les étoiles","CPE",,0
317,"123 petits pas","CPE",,0
318,"A la bonne garde","CPE",,0
319,"À la bonne garde","CPE",,0
320,"À l'orée de chez moi","CPE",,0
321,"A tire d'aile","CPE",,0
322,"À tire d'aile","CPE",,0
323,"Abri-Doux","CPE",,0
324,"Abrigarde Wolton","CPE",,0
325,"Agrigarde","CPE",,0
326,"Agrigarde Wotton","CPE",,0
327,"Alakasoum","CPE",,0
328,"Alakazoo","CPE",,0
329,"Alakazou","CPE",,0
330,"alexiaparent3@hotmail.com","CPE",,0
331,"Allo mon ami","CPE",,0
332,"Allo mon ami II","CPE",,0
333,"Alouette","CPE",,0
334,"Amibulle","CPE",,0
335,"Ami-garde","CPE",,0
336,"Amis calin-calin","CPE",,0
337,"Arc en soleil","CPE",,0
338,"Arc-en-joie","CPE",,0
339,"Arlequin & Colombine","CPE",,0
340,"Arlequin Colombine","CPE",,0
341,"Arlequin et Colombine","CPE",,0
342,"Arlequin et Colombine d'Amos","CPE",,0
343,"Atelier boutchou","CPE",,0
344,"Au Boisé","CPE",,0
345,"Au calin ensoleillé","CPE",,0
346,"Au carré de sable","CPE",,0
347,"Au coeur de la nature","CPE",,0
348,"Au coeur des mésanges","CPE",,0
349,"Au Galop (CPE)","CPE",,0
350,"Au jardin de Dominique","CPE",,0
351,"Au jardin de Pierrot","CPE",,0
352,"Au jardin d'Émilie","CPE",,0
353,"Au jardin des merveilles","CPE",,0
354,"Au jardin fleuri (CPE)","CPE",,0
355,"Au nids des petits","CPE",,0
356,"Au palais des merveilles","CPE",,0
357,"Au pays des anges","CPE",,0
358,"Au pays des merveilles","CPE",,0
359,"Au petit brin de foin","CPE",,0
360,"Au petit brin de foin (CPE)","CPE",,0
361,"Au petit campagnard","CPE",,0
362,"Au Petit Nuage (CPE)","CPE",,0
363,"Au petit poucet","CPE",,0
364,"Au petit talon","CPE",,0
365,"Au Pied de l'échelle","CPE",,0
366,"Au pied du mont","CPE",,0
367,"Au pied du mont St-Bruno","CPE",,0
368,"Aurore Boréale","CPE",,0
369,"Aux 3 pommes","CPE",,0
370,"Aux mille couleurs","CPE",,0
371,"Aux mille jeux","CPE",,0
372,"Aux mille jeux Saint-Hubert","CPE",,0
373,"Aux mille jeux Tambourin","CPE",,0
374,"Aux mille yeux","CPE",,0
375,"Aux mille-pattes","CPE",,0
376,"Aux nid des petits ","CPE",,0
377,"Aux nids des Petits","CPE",,0
378,"Aux Petites Joies","CPE",,0
379,"Aux Petits campagnards","CPE",,0
380,"Aux petits doigts","CPE",,0
381,"Aux petits lurons","CPE",,0
382,"Aux petits lutins de Lorrainville","CPE",,0
383,"Aux petits pas","CPE",,0
384,"Aux Petits Trésors","CPE",,0
385,"Aux portes du matin","CPE",,0
386,"Aux poussinots d'Alakazoo","CPE",,0
387,"Aux poussinots d'Alakazou","CPE",,0
388,"Aux p'tits trésors","CPE",,0
389,"Aux quatre soleil","CPE",,0
390,"Aux trois pommes","CPE",,0
391,"Baguette magique","CPE",,0
392,"Baleine Bricoleuse","CPE",,0
393,"Bali balon","CPE",,0
394,"Baliballon","CPE",,0
395,"Bali-ballon","CPE",,0
396,"Balliballon","CPE",,0
397,"Bambin club","CPE",,0
398,"Bambins et calins","CPE",,0
399,"Bambouli","CPE",,0
400,"Bambouli inc.","CPE",,0
401,"Banbouli","CPE",,0
402,"Beauce Sartigan","CPE",,0
403,"Beauce-Sartigan","CPE",,0
404,"Beauce-Sartignan","CPE",,0
405,"Bébé jou","CPE",,0
406,"Bébéjou","CPE",,0
407,"Bébéjoue","CPE",,0
408,"Bécancour","CPE",,0
409,"Bedondaine","CPE",,0
410,"Belle enfance","CPE",,0
411,"Belle enfance St-Raphaël","CPE",,0
412,"Belle-bulle","CPE",,0
413,"Belles-Rivières","CPE",,0
414,"Blainville","CPE",,0
415,"Blé d'or","CPE",,0
416,"Bobino","CPE",,0
417,"Bois Joli","CPE",,0
418,"Boisé Vimont","CPE",,0
419,"Boisjoli","CPE",,0
420,"Boîte à soleil","CPE",,0
421,"Bonaventure","CPE",,0
422,"Bonnaventure","CPE",,0
423,"Bonnaventure (CPE)","CPE",,0
424,"Bourgeon soleil","CPE",,0
425,"Bout chou","CPE",,0
426,"Bout d'chou","CPE",,0
427,"Bout en train","CPE",,0
428,"Bout-chou (CPE)","CPE",,0
429,"Boutd'chou","CPE",,0
430,"Boute en train","CPE",,0
431,"Boute-en-train","CPE",,0
432,"Bout-en-train","CPE",,0
433,"Bouton de rose","CPE",,0
434,"Bouton d'Or","CPE",,0
435,"Boutons d'or","CPE",,0
436,"Brin de foin","CPE",,0
437,"Brin d'éveil","CPE",,0
438,"Brin d'Éveil inc.","CPE",,0
439,"Brins d'éveil","CPE",,0
440,"Buissonnièere","CPE",,0
441,"Buissonnière","CPE",,0
442,"Butte à moineaux","CPE",,0
443,"Cabotine","CPE",,0
444,"Cachalot","CPE",,0
445,"Cachalot inc.","CPE",,0
446,"Cache cache","CPE",,0
447,"Cache-cache","CPE",,0
448,"Cadet Roussel","CPE",,0
449,"Cadet Rousselle","CPE",,0
450,"Cadet-Rousselle","CPE",,0
451,"Caillou-Lapierre","CPE",,0
452,"Calimero","CPE",,0
453,"Caliméro","CPE",,0
454,"Calin d'amour","CPE",,0
455,"Calou","CPE",,0
456,"Calou (CPE)","CPE",,0
457,"Calou de St-Joseph de Beauce","CPE",,0
458,"Calou St-Joseph","CPE",,0
459,"Campinoise","CPE",,0
460,"Canelle et Pruneau","CPE",,0
461,"Carcajou","CPE",,0
462,"Caroline","CPE",,0
463,"Carré de sable","CPE",,0
464,"Carrefour des chanterelles","CPE",,0
465,"Carrosse-Citrouille","CPE",,0
466,"Casse-Noisette","CPE",,0
467,"Cégep Beauce Appalaches","CPE",,0
468,"Centre comm. Notre Dame de Grace","CPE",,0
469,"Centre multi-plus ","CPE",,0
470,"Cerf-volant","CPE",,0
471,"Champignon","CPE",,0
472,"Chapeau de paille","CPE",,0
473,"Chapeau rond et boutillon","CPE",,0
474,"Chapeaux ronds et bottillons","CPE",,0
475,"Chat perché","CPE",,0
476,"Chateau de grand-mère","CPE",,0
477,"Château de sable","CPE",,0
478,"Chateau des adorables","CPE",,0
479,"Chaton","CPE",,0
480,"Chenille au papillon","CPE",,0
481,"Chérubins","CPE",,0
482,"Cheval sautoir","CPE",,0
483,"Chez Bibi","CPE",,0
484,"Chez Caliméro","CPE",,0
485,"Chez Caliméro (CPE)","CPE",,0
486,"Chez Chalie Lapin","CPE",,0
487,"Chez Chantal et Eric","CPE",,0
488,"Chez Fanfan","CPE",,0
489,"Chez Fardoche","CPE",,0
490,"Chez Galurin","CPE",,0
491,"Chez galurin inc.","CPE",,0
492,"Chez les Amis","CPE",,0
493,"Chez ma tante","CPE",,0
494,"Chez ma tante (CPE)","CPE",,0
495,"Chez mamie","CPE",,0
496,"Chez moi, chez toi","CPE",,0
497,"Chez moi, chez toi Gentilly","CPE",,0
498,"Chez nous","CPE",,0
499,"Chez nous c'est chez vous (CPE)","CPE",,0
500,"Chez nous chez vous","CPE",,0
501,"Chez nous, Canton de Shefford","CPE",,0
502,"Chez Sophie","CPE",,0
503,"Chez Yanice","CPE",,0
504,"Chez-moi chez-toi","CPE",,0
505,"Chez-moi, chez-toi","CPE",,0
506,"Chez-nous","CPE",,0
507,"Chez-nous c'est chez-vous","CPE",,0
508,"Chez-nous chez-vous","CPE",,0
509,"Citronelle","CPE",,0
510,"Clair de lune","CPE",,0
511,"Clair soleil","CPE",,0
512,"Clair soleil de Mascouche","CPE",,0
513,"Clair-de-lune","CPE",,0
514,"Claire-Julie","CPE",,0
515,"Clair-soleil","CPE",,0
516,"Clair-Soleil de Mascouche","CPE",,0
517,"Clair-soleil Mascouche","CPE",,0
518,"Clé de Sol","CPE",,0
519,"Clin d'oeil","CPE",,0
520,"Cocci-doux","CPE",,0
521,"Coco et cinelle","CPE",,0
522,"Coeur à tout","CPE",,0
523,"Coeur de pomme","CPE",,0
524,"Coeur-Atout","CPE",,0
525,"Coffre à jouet","CPE",,0
526,"Coffre à jouets","CPE",,0
527,"Coffre aux trésors","CPE",,0
528,"Collège Ahuntsic","CPE",,0
529,"Contact Jardin Soleil","CPE",,0
530,"Contact Jardin soleil inc.","CPE",,0
531,"Contact Jardin-Soleil","CPE",,0
532,"Coop au pays des lutins","CPE",,0
533,"Coop Libelle","CPE",,0
534,"Coop St-Jean Baptiste","CPE",,0
535,"Côte de Gaspé","CPE",,0
536,"Cote-de-Gaspé","CPE",,0
537,"Côte-de-Gaspé","CPE",,0
538,"Couches-tôt","CPE",,0
539,"Couche-tôt","CPE",,0
540,"Coup de pouce","CPE",,0
541,"Coup de pouve","CPE",,0
542,"Couri-courette","CPE",,0
543,"Couri-courette (CPE)","CPE",,0
544,"CPE Amstramgram (CPE)","CPE",,0
545,"CPE Boisé Vimont","CPE",,0
546,"CPE Clair de lune (CPE)","CPE",,0
547,"CPE de Matane (CPE)","CPE",,0
548,"CPE des premiers pas","CPE",,0
549,"CPE des Roseraies","CPE",,0
550,"CPE et amie","CPE",,0
551,"CPE La cabotine (CPE)","CPE",,0
552,"CPE La Campanuse (CPE)","CPE",,0
553,"CPE l'arche des petits","CPE",,0
554,"CPE Les minipuces (CPE)","CPE",,0
555,"CPE L'Univers des petits (CPE)","CPE",,0
556,"CPE Petits élans","CPE",,0
557,"CPE Plein soleil Alma","CPE",,0
558,"CPE Rivière-du-Loup","CPE",,0
559,"Crayon de couleur","CPE",,0
560,"Crayons de couleur","CPE",,0
561,"Croque la vie","CPE",,0
562,"Croque lune","CPE",,0
563,"Croque-lune","CPE",,0
564,"Culbute et Carambole","CPE",,0
565,"Danahe","CPE",,0
566,"Danahé","CPE",,0
567,"Danahé (CPE)","CPE",,0
568,"de Chandler","CPE",,0
569,"De chez nous","CPE",,0
570,"De la Baie","CPE",,0
571,"De la Baie Bonaventure","CPE",,0
572,"de la colline","CPE",,0
573,"de la Pointe","CPE",,0
574,"De la Sagamie","CPE",,0
575,"De l'enfance de St-Raphael","CPE",,0
576,"de l'Érablière","CPE",,0
577,"de Matane","CPE",,0
578,"De Rivière-du-Loup","CPE",,0
579,"Découverte de l'enfance","CPE",,0
580,"Des amis des prairies","CPE",,0
581,"Des baluchons","CPE",,0
582,"Des belles rivières","CPE",,0
583,"Des belles-rivières","CPE",,0
584,"Des calins","CPE",,0
585,"des Câlins","CPE",,0
586,"Des champignoles","CPE",,0
587,"des Deux-Montagnes","CPE",,0
588,"Des jardins jolis","CPE",,0
589,"Des Marguerites","CPE",,0
590,"Des Marguerites (éduc. inst.)","CPE",,0
591,"des Moulins","CPE",,0
592,"Des petits élans d'Amos","CPE",,0
593,"Des petits patriotes","CPE",,0
594,"Des premiers pas","CPE",,0
595,"Des rires","CPE",,0
596,"Des terrasses à Hull","CPE",,0
597,"Desjardins","CPE",,0
598,"do mi si la do ré","CPE",,0
599,"Domaine St-Sulpice","CPE",,0
600,"Do-mi-si-la-do-ré","CPE",,0
601,"Doux réveil","CPE",,0
602,"Du bois joli","CPE",,0
603,"Du cartier","CPE",,0
604,"du CHUL","CPE",,0
605,"Du Collège Ahunstic","CPE",,0
606,"Du Dolmen","CPE",,0
607,"du Haut-Richelieu","CPE",,0
608,"Du Manoir","CPE",,0
609,"Du parc","CPE",,0
610,"Du passe-temps","CPE",,0
611,"du Pic","CPE",,0
612,"Du village","CPE",,0
613,"Duc de la marmicelle","CPE",,0
614,"En attente avec les Gnomes","CPE",,0
615,"Enchanté","CPE",,0
616,"Enfankiri","CPE",,0
617,"Enfant bonheur","CPE",,0
618,"Enfant d'abord","CPE",,0
619,"Enfant rit","CPE",,0
620,"Enfant-bonheur","CPE",,0
621,"Enfantillage","CPE",,0
622,"Enfants d'abord","CPE",,0
623,"Entre Amis","CPE",,0
624,"Entre Deux Nuages","CPE",,0
625,"Entre-Amis","CPE",,0
626,"Envol","CPE",,0
627,"Escargot","CPE",,0
628,"Espièglerie","CPE",,0
629,"Éveil à la lecture et à l'écriture","CPE",,0
630,"Éveil des chérubins","CPE",,0
631,"Éveil enfantin","CPE",,0
632,"Fafouin","CPE",,0
633,"Famigarde","CPE",,0
634,"Famigarde Côte-de-Gaspé","CPE",,0
635,"Famili garde","CPE",,0
636,"Famili Gard'estrie Rock Forest","CPE",,0
637,"Fan Fan Soleil","CPE",,0
638,"FanFan","CPE",,0
639,"Fanfan soleil","CPE",,0
640,"Fanfou","CPE",,0
641,"Fardoche","CPE",,0
642,"Feu follet","CPE",,0
643,"Feu Vert Québec","CPE",,0
644,"Feux Follet","CPE",,0
645,"Feux follets","CPE",,0
646,"Feux-Follets","CPE",,0
647,"Fleur de Pommier","CPE",,0
648,"Fleur soleil","CPE",,0
649,"Fleurimont","CPE",,0
650,"Fleurs de pommiers","CPE",,0
651,"Fleurs du quartier","CPE",,0
652,"Flocons de rêve","CPE",,0
653,"Flocons de rêve (CPE)","CPE",,0
654,"Forêt enchantée Warwick","CPE",,0
655,"Fou-rire","CPE",,0
656,"Fourmilière","CPE",,0
657,"Franquet la grenouille","CPE",,0
658,"Franquette la grenouille","CPE",,0
659,"Frimousse de la vallée","CPE",,0
660,"Frimousses de la vallée","CPE",,0
661,"Frisson de colline","CPE",,0
662,"Gamin Gamin","CPE",,0
663,"Gamin gamine","CPE",,0
664,"Gamin Gamines","CPE",,0
665,"Gamin, gamine","CPE",,0
666,"Gamin-gamine","CPE",,0
667,"Gaminville","CPE",,0
668,"Gard'ami","CPE",,0
669,"Gard'amis","CPE",,0
670,"garderie 1001 calins","CPE",,0
671,"Garderie Anabelle","CPE",,0
672,"Garderie au jardin des marguerites","CPE",,0
673,"Garderie Boutchouville inc.","CPE",,0
674,"Garderie chex caillou","CPE",,0
675,"Garderie chez Loulou","CPE",,0
676,"Garderie chez Nicole","CPE",,0
677,"garderie Cilvy la Lune","CPE",,0
678,"Garderie des Apprentis-sage","CPE",,0
679,"Garderie Doum Doum","CPE",,0
680,"garderie en MF","CPE",,0
681,"Garderie Fafouin","CPE",,0
682,"Garderie familiale","CPE",,0
683,"Garderie Frigouille","CPE",,0
684,"Garderie Gaki-Doki","CPE",,0
685,"Garderie la petite école","CPE",,0
686,"Garderie le club d'amis","CPE",,0
687,"Garderie Les Choupettes","CPE",,0
688,"Garderie les coccinelles","CPE",,0
689,"Garderie les papillons","CPE",,0
690,"Garderie Milou","CPE",,0
691,"Garderie Nancy Les coquins d'abord","CPE",,0
692,"Garderie privée","CPE",,0
693,"Garderie privée Le dauphin","CPE",,0
694,"Garderie privée:Les Choo Choo de Loulou","CPE",,0
695,"Garderie Sel et poivre","CPE",,0
696,"Garigatou","CPE",,0
697,"Gari-Gatou","CPE",,0
698,"Gatinerie","CPE",,0
699,"gillescarrier@globetrotter.net","CPE",,0
700,"GP Les p'tits voisins","CPE",,0
701,"Grande envolée","CPE",,0
702,"Grande Rivière","CPE",,0
703,"Grand-Mère Douceur","CPE",,0
704,"Grand-mère douceur (CPE)","CPE",,0
705,"Grenouille","CPE",,0
706,"Grenouille rose","CPE",,0
707,"Gribouillis","CPE",,0
708,"Gribouillis (CPE)","CPE",,0
709,"Gribouillis de Louiseville","CPE",,0
710,"Gripette","CPE",,0
711,"Gripette Nicolet","CPE",,0
712,"Gros Bec","CPE",,0
713,"Grosse Bedaine","CPE",,0
714,"Grosse bédaine","CPE",,0
715,"Haut comme trois pommes","CPE",,0
716,"Haut-Richelieu","CPE",,0
717,"Hippo plus","CPE",,0
718,"Hippo plus Beauport","CPE",,0
719,"Hopla vie","CPE",,0
720,"Ile aux trésors","CPE",,0
721,"Ile des enfants","CPE",,0
722,"Ile des enfants (Hull)","CPE",,0
723,"Ile des Mousaillons","CPE",,0
724,"Ile des Moussaillons","CPE",,0
725,"Ile des Moussaillons (CPE)","CPE",,0
726,"Ile des soeurs","CPE",,0
727,"Imagemo","CPE",,0
728,"Imagémo","CPE",,0
729,"Jardin bleu","CPE",,0
730,"Jardin charmant","CPE",,0
731,"Jardin chez Francine inc.","CPE",,0
732,"Jardin chouchou doux","CPE",,0
733,"Jardin d'amis","CPE",,0
734,"Jardin de Dominique","CPE",,0
735,"Jardin de Fanfan","CPE",,0
736,"Jardin de fruits","CPE",,0
737,"Jardin de fruits (CPE)","CPE",,0
738,"Jardin de la rivière","CPE",,0
739,"Jardin de Pierrot","CPE",,0
740,"Jardin de Robi","CPE",,0
741,"Jardin des chouchoudoux","CPE",,0
742,"Jardin des enfants","CPE",,0
743,"Jardin des merveilles","CPE",,0
744,"Jardin des Rêves","CPE",,0
745,"Jardin Dominique Beauceville","CPE",,0
746,"Jardin fleuri","CPE",,0
747,"Jardin joli","CPE",,0
748,"Jardin Soleil","CPE",,0
749,"Jardins de Dominique","CPE",,0
750,"Jean-Noel Lapin","CPE",,0
751,"Jeannot","CPE",,0
752,"Joli Coeur","CPE",,0
753,"Jolibois","CPE",,0
754,"Jolibois St-Appolinaire","CPE",,0
755,"Joli-Coeur","CPE",,0
756,"Joli-coeur inc","CPE",,0
757,"Jolis coeurs","CPE",,0
758,"Jonglerie","CPE",,0
759,"Joujou Beloeil","CPE",,0
760,"Joujou de Beloeil","CPE",,0
761,"Joyeuse équipée","CPE",,0
762,"Joyeux calinours","CPE",,0
763,"Joyeux moussaillons Ltée","CPE",,0
764,"Julie Soleil","CPE",,0
765,"Julie-Soleil","CPE",,0
766,"Kaleidoscope","CPE",,0
767,"Kaleidoscope de Huntington","CPE",,0
768,"Kangourou","CPE",,0
769,"Kangourou Pont-Rouge","CPE",,0
770,"Karinours","CPE",,0
771,"Kateri","CPE",,0
772,"Katéri","CPE",,0
773,"La baguette magique","CPE",,0
774,"La Baie","CPE",,0
775,"La Baleine Bricoleuse","CPE",,0
776,"La baleine bricoleuse (CPE)","CPE",,0
777,"La bambinerie","CPE",,0
778,"La Bambinerie (CPE)","CPE",,0
779,"La Bamboulie","CPE",,0
780,"La barbouille","CPE",,0
781,"La bécassine","CPE",,0
782,"La Becquée","CPE",,0
783,"La belle cour","CPE",,0
784,"La belle journée","CPE",,0
785,"La belle journée inc.","CPE",,0
786,"La boite à Bizous","CPE",,0
787,"La Boite à Copains","CPE",,0
788,"La boite à soleil","CPE",,0
789,"La bonne idée","CPE",,0
790,"La bottine filante","CPE",,0
791,"La bottine souriante","CPE",,0
792,"La bougeotte","CPE",,0
793,"La bougeotte de Sillery","CPE",,0
794,"La Buissonnière","CPE",,0
795,"La Busomière","CPE",,0
796,"La butte à moineaux","CPE",,0
797,"La Cabotine","CPE",,0
798,"La cabotine de Joliette","CPE",,0
799,"La cache cache","CPE",,0
800,"La cache-cache","CPE",,0
801,"La Cache-Cache (CPE)","CPE",,0
802,"La cachette","CPE",,0
803,"La cajolerie","CPE",,0
804,"La campamuse","CPE",,0
805,"La campinoise","CPE",,0
806,"La chamaille","CPE",,0
807,"La Chanterelle","CPE",,0
808,"La chat-maille","CPE",,0
809,"La Chenille","CPE",,0
810,"La chenille au papillon","CPE",,0
811,"La chiffonnelle","CPE",,0
812,"La ciboulette","CPE",,0
813,"La cicogne","CPE",,0
814,"La cigale et la fourmi","CPE",,0
815,"La cigale et la fourmie","CPE",,0
816,"La cigogne","CPE",,0
817,"La Citronnelle","CPE",,0
818,"La claire fontaine","CPE",,0
819,"La claire fontaine de Pincourt","CPE",,0
820,"La clé de sol","CPE",,0
821,"La culbute","CPE",,0
822,"La Découverte","CPE",,0
823,"La Découverte (CPE)","CPE",,0
824,"La découverte c'est magique","CPE",,0
825,"La Découverte de l'enfance","CPE",,0
826,"La Découverte, c'est magique","CPE",,0
827,"La douce couvée","CPE",,0
828,"La farandole","CPE",,0
829,"La Fontaine (CPE)","CPE",,0
830,"La forêt enchantée","CPE",,0
831,"La forêt enchantée de LaSalle","CPE",,0
832,"La forêt enchantée de Warwick","CPE",,0
833,"La fourmilière","CPE",,0
834,"La Frimousse","CPE",,0
835,"La Giboulée","CPE",,0
836,"La Giroflée","CPE",,0
837,"La Girouette","CPE",,0
838,"La girouette inc.","CPE",,0
839,"La Goélette enchantée","CPE",,0
840,"La Gonglerie","CPE",,0
841,"La grande envolée","CPE",,0
842,"La grande envollée","CPE",,0
843,"La Grenouille Rose","CPE",,0
844,"La grenouille rose (CPE)","CPE",,0
845,"La grosse tortue","CPE",,0
846,"La jonglerie","CPE",,0
847,"La joyeuse équipe","CPE",,0
848,"La joyeuse équipée","CPE",,0
849,"La libellule","CPE",,0
850,"La libellule de Charny","CPE",,0
851,"La libellulle","CPE",,0
852,"La luciole","CPE",,0
853,"La magie du rêve","CPE",,0
854,"La maison bleue","CPE",,0
855,"La maison dans l'arbre","CPE",,0
856,"La maison de Bécassine","CPE",,0
857,"La maison des amis","CPE",,0
858,"La maison des enfants","CPE",,0
859,"La Maison des Petits Castors","CPE",,0
860,"La maison du Panda","CPE",,0
861,"La Maisonnée","CPE",,0
862,"La maisonnette","CPE",,0
863,"La marée montante","CPE",,0
864,"La marguerite","CPE",,0
865,"La Marguerite (CPE)","CPE",,0
866,"La marmaille","CPE",,0
867,"La marmaillerie","CPE",,0
868,"La Marmicelle","CPE",,0
869,"La Mère Schtroumpf","CPE",,0
870,"La Nichouette","CPE",,0
871,"La nouvelle lune","CPE",,0
872,"La nouvelle lune de Sherbrooke","CPE",,0
873,"La Passerelle","CPE",,0
874,"La passerelle des mousses","CPE",,0
875,"La Peluche","CPE",,0
876,"La petite ardoise","CPE",,0
877,"La Petite Bottine","CPE",,0
878,"La petite caboche","CPE",,0
879,"La petite cour","CPE",,0
880,"La petite école","CPE",,0
881,"La petite loutre","CPE",,0
882,"La petite Marine","CPE",,0
883,"La petite sauterelle","CPE",,0
884,"La petite semence","CPE",,0
885,"La petite station","CPE",,0
886,"La petite-nation","CPE",,0
887,"La Pirouette","CPE",,0
888,"La pirouline","CPE",,0
889,"la planète à Mars","CPE",,0
890,"La planète des enfants","CPE",,0
891,"La pleine lune","CPE",,0
892,"La pleine lune, Eastman","CPE",,0
893,"La pomme enchantée","CPE",,0
894,"La porte ouverte","CPE",,0
895,"La Prairie","CPE",,0
896,"La p'tite bottine","CPE",,0
897,"La p'tite caboche","CPE",,0
898,"La p'tite ruche ensoleillée","CPE",,0
899,"La puce à l'oreille","CPE",,0
900,"La queue leu leu","CPE",,0
901,"La ramée","CPE",,0
902,"La relève","CPE",,0
903,"La Relève (CPE)","CPE",,0
904,"La Relève Vaudreuil","CPE",,0
905,"La Ribambelle","CPE",,0
906,"La ribambelle du Transcontinental","CPE",,0
907,"La Ribambelle du Transcontinental (CPE)","CPE",,0
908,"La Ribambelle Transcontinentale","CPE",,0
909,"La Ribouldingue","CPE",,0
910,"La ritournelle","CPE",,0
911,"La rose des vents","CPE",,0
912,"La ruche","CPE",,0
913,"La ruche magique","CPE",,0
914,"La sagamie","CPE",,0
915,"La Saganne","CPE",,0
916,"La Salle","CPE",,0
917,"La sentinelle des petits","CPE",,0
918,"La souris verte","CPE",,0
919,"La toupie","CPE",,0
920,"La Tourelle de l'énergie","CPE",,0
921,"La tourniquette","CPE",,0
922,"La Trâlée","CPE",,0
923,"La trottinette carottée","CPE",,0
924,"La turlute","CPE",,0
925,"La vallée des Loupiots","CPE",,0
926,"La veilleuse","CPE",,0
927,"la voie lactee","CPE",,0
928,"La voie lactée","CPE",,0
929,"La volière","CPE",,0
930,"l'Abc des calinours","CPE",,0
931,"Labri doux","CPE",,0
932,"L'Abri-doux","CPE",,0
933,"L'Abri-doux (CPE)","CPE",,0
934,"L'abri-doux Prévost","CPE",,0
935,"Lacet de bottine","CPE",,0
936,"Lachine","CPE",,0
937,"l'Agence familiale Les pinsons","CPE",,0
938,"l'Alliance de Beauport","CPE",,0
939,"L'Amhirondelle","CPE",,0
940,"l'Amibule","CPE",,0
941,"l'Amus'ailes","CPE",,0
942,"l'Amus'ailés","CPE",,0
943,"l'anode magique","CPE",,0
944,"L'anse aux lievres","CPE",,0
945,"l'Anse aux lièvres","CPE",,0
946,"L'antre temps","CPE",,0
947,"l'Antre-Temps","CPE",,0
948,"L'Apprenti-sage","CPE",,0
949,"L'apprenti-sage de Mont-St-Hilaire","CPE",,0
950,"Laprairie","CPE",,0
951,"l'Aprenti-sage","CPE",,0
952,"l'Aquarelle","CPE",,0
953,"L'arbre enchanté","CPE",,0
954,"L'Arbre enchantée","CPE",,0
955,"L'arc en joie","CPE",,0
956,"L'arc en joue","CPE",,0
957,"l'Arc-en-joie","CPE",,0
958,"L'arche de Noé","CPE",,0
959,"L'arche des petits","CPE",,0
960,"Le baluchon","CPE",,0
961,"Le Bilboquet","CPE",,0
962,"Le Boisé","CPE",,0
963,"Le bonjour","CPE",,0
964,"Le carrefour des Chanterelles","CPE",,0
965,"Le Cept","CPE",,0
966,"Le Chat perché de Repentigny","CPE",,0
967,"Le chateau des frimousses","CPE",,0
968,"Le château des frimousses","CPE",,0
969,"Le chaton","CPE",,0
970,"Le cheval sautoir","CPE",,0
971,"Le clin d'oeil","CPE",,0
972,"Le clin d'oeil (CPE)","CPE",,0
973,"Le coffre à jouets","CPE",,0
974,"Le Coffre aux trésors","CPE",,0
975,"Le coin des enfants du parc","CPE",,0
976,"Le farfadet","CPE",,0
977,"Le fou rire (CPE)","CPE",,0
978,"Le fou-rire","CPE",,0
979,"Le funambule","CPE",,0
980,"Le Funambule (CPE)","CPE",,0
981,"Le haut Richelieu","CPE",,0
982,"Le hêtre","CPE",,0
983,"Le Hibou","CPE",,0
984,"Le jardin charmant","CPE",,0
985,"Le jardin de la rivière","CPE",,0
986,"Le jardin de Mathurin","CPE",,0
987,"Le jardin de Robi","CPE",,0
988,"Le jardin des chouchoudoux","CPE",,0
989,"Le jardin des enfants","CPE",,0
990,"Le Jardin des merveilles","CPE",,0
991,"Le jardin enchanté","CPE",,0
992,"Le jardin ensanté inc.","CPE",,0
993,"Le joyeux carrousel inc.","CPE",,0
994,"Le marmot qui rit","CPE",,0
995,"Le moulin des bambins","CPE",,0
996,"Le mur-mur","CPE",,0
997,"Le mur-mür","CPE",,0
998,"Le mur-mur Fermont","CPE",,0
999,"Le murmure","CPE",,0
1000,"Le nid des chatouilles","CPE",,0
1001,"Le pandami","CPE",,0
1002,"Le papillon bleu (CPE)","CPE",,0
1003,"Le papillon enchanté","CPE",,0
1004,"Le petit Calimero","CPE",,0
1005,"Le petit champlain","CPE",,0
1006,"Le petit cheval","CPE",,0
1007,"Le petit dargon imaginaire","CPE",,0
1008,"Le petit dragon imaginaire","CPE",,0
1009,"Le petit equipage","CPE",,0
1010,"Le petit équipage","CPE",,0
1011,"Le petit forgeron","CPE",,0
1012,"Le petit monde de Caliméro","CPE",,0
1013,"Le petit monde de Julie","CPE",,0
1014,"Le petit monde du collège Ahuntsic","CPE",,0
1015,"Le petit navire","CPE",,0
1016,"Le petit pain d'épice","CPE",,0
1017,"Le petit pied","CPE",,0
1018,"Le petit poucet","CPE",,0
1019,"Le Petit Poussin","CPE",,0
1020,"Le petit prince coop","CPE",,0
1021,"Le pissenlit","CPE",,0
1022,"Le p'tit Gadu","CPE",,0
1023,"Le p'tit Gadu inc.","CPE",,0
1024,"Le p'tit navire","CPE",,0
1025,"Le saute mouton","CPE",,0
1026,"Le siffleux","CPE",,0
1027,"Le Siffleux (CPE)","CPE",,0
1028,"Le soleil souriant","CPE",,0
1029,"Le Tamanoir","CPE",,0
1030,"Le temps de rêve","CPE",,0
1031,"Le Tournesol","CPE",,0
1032,"Le tournesol du Fjord","CPE",,0
1033,"Le trottineur","CPE",,0
1034,"Le zèbre carotté","CPE",,0
1035,"L'enfant do","CPE",,0
1036,"l'Enfant d'or","CPE",,0
1037,"L'enfant du fleuve","CPE",,0
1038,"L'enfant joue","CPE",,0
1039,"L'enfant joue (CPE)","CPE",,0
1040,"L'Enfant joue Saint-Moise","CPE",,0
1041,"l'Enfant Kiri","CPE",,0
1042,"L'enfant rit","CPE",,0
1043,"l'Enfantaisie","CPE",,0
1044,"L'Enfantaisie (CPE)","CPE",,0
1045,"l'Enfant-do","CPE",,0
1046,"l'Enfanterelle","CPE",,0
1047,"L'enfanthèque","CPE",,0
1048,"l'Enfantillage","CPE",,0
1049,"l'Enfantillage Coaticook","CPE",,0
1050,"L'Enfantillage inc","CPE",,0
1051,"l'Ensoleillé","CPE",,0
1052,"l'Ensoleillé Fleurimont","CPE",,0
1053,"L'ensoleillée","CPE",,0
1054,"L'entre-temps","CPE",,0
1055,"l'Envol","CPE",,0
1056,"l'Envolée","CPE",,0
1057,"Les 3 coins","CPE",,0
1058,"Les abeilles bricoleuses (CPE)","CPE",,0
1059,"Les abeilles Desjardins","CPE",,0
1060,"Les amis d'Annie","CPE",,0
1061,"Les amis de Babar","CPE",,0
1062,"Les amis de la culbute","CPE",,0
1063,"Les amis de la Culbutte","CPE",,0
1064,"Les amis de la maison blanche","CPE",,0
1065,"Les amis de Winnie","CPE",,0
1066,"Les amis des prairies","CPE",,0
1067,"Les amis du carré de sable","CPE",,0
1068,"Les amis gators","CPE",,0
1069,"Les amours de Clémence","CPE",,0
1070,"Les ateliers les p'tits artistes de Julie","CPE",,0
1071,"Les Belles-Rivières","CPE",,0
1072,"Les bonheurs de Sophie","CPE",,0
1073,"Les Bourgeons soleil","CPE",,0
1074,"Les bourgeons soleils","CPE",,0
1075,"Les bourgeon-soleils","CPE",,0
1076,"Les Bourgeons-Soleil","CPE",,0
1077,"Les Calinours","CPE",,0
1078,"Les calins d'amour","CPE",,0
1079,"Les câlins d'amour","CPE",,0
1080,"Les champignoles","CPE",,0
1081,"Les champignoles (CPE)","CPE",,0
1082,"Les chérubins","CPE",,0
1083,"Les chérubins inc.","CPE",,0
1084,"Les coccinelles","CPE",,0
1085,"Les colibris","CPE",,0
1086,"Les contes de fée","CPE",,0
1087,"Les copains","CPE",,0
1088,"Les copains d'Abord","CPE",,0
1089,"Les coquelicots","CPE",,0
1090,"Les coquins","CPE",,0
1091,"Les coquins d'abord","CPE",,0
1092,"Les couches tôt","CPE",,0
1093,"Les couches tôt, St-Bernard","CPE",,0
1094,"Les couches-tôt","CPE",,0
1095,"Les Croquignoles","CPE",,0
1096,"Les dauphineaux","CPE",,0
1097,"Les enfants d'abord","CPE",,0
1098,"Les enfants d'abords","CPE",,0
1099,"Les étoiles de mer","CPE",,0
1100,"Les explorateurs","CPE",,0
1101,"Les farfadets","CPE",,0
1102,"Les farfadets de la pointe","CPE",,0
1103,"Les frimousse de la vallée","CPE",,0
1104,"Les frimousses","CPE",,0
1105,"Les frimousses de la vallée","CPE",,0
1106,"Les frimousses du fort","CPE",,0
1107,"Les gamins d'ici","CPE",,0
1108,"Les globules","CPE",,0
1109,"Les globules roses","CPE",,0
1110,"Les gnomes","CPE",,0
1111,"Les gnômes","CPE",,0
1112,"Les grenouilles","CPE",,0
1113,"Les gribouillis","CPE",,0
1114,"Les Jardins des chouchoudoux","CPE",,0
1115,"Les Jardins d'Honorine","CPE",,0
1116,"Les jardins jolis","CPE",,0
1117,"Les jeunes pousses","CPE",,0
1118,"Les Jeunes Pousses (CPE)","CPE",,0
1119,"Les jeunes pousses de Waterloo","CPE",,0
1120,"Les jeunes pousses des jardins","CPE",,0
1121,"Les jeunes pousses des jardins du Q. à Napierville","CPE",,0
1122,"Les Jeunes Pousses...","CPE",,0
1123,"Les jolis minois","CPE",,0
1124,"Les joyeux calinours","CPE",,0
1125,"Les libellules","CPE",,0
1126,"Les Loupiots","CPE",,0
1127,"Les lucioles","CPE",,0
1128,"Les lutins","CPE",,0
1129,"Les lutins Châteauguay","CPE",,0
1130,"Les lutins enchanteurs","CPE",,0
1131,"Les maisons enjouées","CPE",,0
1132,"Les Marmousets","CPE",,0
1133,"Les mille pattes","CPE",,0
1134,"Les minimousses","CPE",,0
1135,"Les minis marins","CPE",,0
1136,"Les minis marins et la petite marine","CPE",,0
1137,"Les moussaillons","CPE",,0
1138,"Les moussaillons (CPE)","CPE",,0
1139,"Les moussaillons(Joliette)","CPE",,0
1140,"Les Mousses","CPE",,0
1141,"Les mousses du Mont","CPE",,0
1142,"Les Pandamis","CPE",,0
1143,"Les patriotes","CPE",,0
1144,"Les petites abeilles","CPE",,0
1145,"Les petites bulles","CPE",,0
1146,"Les petites coccinelles","CPE",,0
1147,"Les petites frimousses de Suzie Thériault","CPE",,0
1148,"Les petites girouettes","CPE",,0
1149,"Les petites joies","CPE",,0
1150,"Les petites puces","CPE",,0
1151,"Les petites souris","CPE",,0
1152,"Les petites travailleures","CPE",,0
1153,"Les petites Zabeilles","CPE",,0
1154,"Les petits adultes","CPE",,0
1155,"Les petits amis","CPE",,0
1156,"Les petits amis de Lorraine (CPE)","CPE",,0
1157,"Les petits baluchons","CPE",,0
1158,"Les petits bécots","CPE",,0
1159,"Les petits bonheurs","CPE",,0
1160,"Les petits bonheurs d'Isabelle","CPE",,0
1161,"Les petits cailloux","CPE",,0
1162,"Les petits campagnards","CPE",,0
1163,"Les petits chatons","CPE",,0
1164,"Les petits chatons inc","CPE",,0
1165,"Les petits chatons inc.","CPE",,0
1166,"Les petits chemineaux","CPE",,0
1167,"Les petits collégiens","CPE",,0
1168,"Les petits doigts","CPE",,0
1169,"Les Petits Élans","CPE",,0
1170,"Les petits flots","CPE",,0
1171,"Les petits fouineurs","CPE",,0
1172,"Les petits frippons","CPE",,0
1173,"Les petits griffons","CPE",,0
1174,"Les petits lapins","CPE",,0
1175,"Les petits lurons","CPE",,0
1176,"Les petits lutins de Roussin","CPE",,0
1177,"Les petits lutins de Roussin (CPE)","CPE",,0
1178,"Les petits manitous","CPE",,0
1179,"Les petits Manitous de Mt-Tremblant","CPE",,0
1180,"Les petits merlots","CPE",,0
1181,"Les Petits Montois","CPE",,0
1182,"Les petits mousses","CPE",,0
1183,"Les Petits Mulots","CPE",,0
1184,"Les petits murmures","CPE",,0
1185,"Les petits mur-murs","CPE",,0
1186,"Les petits patriotes","CPE",,0
1187,"Les petits pieds","CPE",,0
1188,"Les petits Pierrot","CPE",,0
1189,"Les petits Pierrots","CPE",,0
1190,"Les petits rayons de soleil","CPE",,0
1191,"Les petits semeurs","CPE",,0
1192,"Les petits soleils","CPE",,0
1193,"Les petits soleils magiques","CPE",,0
1194,"Les petits souliers","CPE",,0
1195,"Les petits t'Aquin","CPE",,0
1196,"Les petits taquins","CPE",,0
1197,"Les petits travailleurs","CPE",,0
1198,"Les petits trésor de Boisbriand","CPE",,0
1199,"Les petits trésors","CPE",,0
1200,"Les petits trésors de Boisbriand","CPE",,0
1201,"Les picassos de l'ile","CPE",,0
1202,"Les Picassos de l'île","CPE",,0
1203,"Les Picassos de l'Ile (CPE)","CPE",,0
1204,"Les Pinsons ","CPE",,0
1205,"Les pinsons Luceville","CPE",,0
1206,"Les polissons","CPE",,0
1207,"Les Poussineaux","CPE",,0
1208,"Les poussinelles","CPE",,0
1209,"Les poussinots","CPE",,0
1210,"Les poussinots Alakazoo","CPE",,0
1211,"Les poussinots d'Alakazou","CPE",,0
1212,"Les Premiers Pas","CPE",,0
1213,"Les premiers pas (CPE)","CPE",,0
1214,"Les primevères","CPE",,0
1215,"Les p'tites abeilles","CPE",,0
1216,"Les p'tites frimousses","CPE",,0
1217,"Les ptites mains de demain","CPE",,0
1218,"Les p'tites mains de demain","CPE",,0
1219,"Les p'tites pies","CPE",,0
1220,"Les p'tits bécots","CPE",,0
1221,"Les p'tits bijoux","CPE",,0
1222,"Les p'tits bonheurs","CPE",,0
1223,"Les p'tits bourgeons","CPE",,0
1224,"Les p'tits Lutins","CPE",,0
1225,"Les p'tits montois","CPE",,0
1226,"Les p'tits papillons","CPE",,0
1227,"Les p'tits soleils","CPE",,0
1228,"Les p'tits soleils magiques","CPE",,0
1229,"Les p'tits trésors de Val Bélair","CPE",,0
1230,"Les quatre coins du monde","CPE",,0
1231,"Les Renardeaux","CPE",,0
1232,"Les Schtoumphs","CPE",,0
1233,"Les soleils de Mékinac","CPE",,0
1234,"Les souriceaux","CPE",,0
1235,"Les souriceaux St-Prime","CPE",,0
1236,"Les tisserands","CPE",,0
1237,"Les touche à tout","CPE",,0
1238,"Les touche-à-tout","CPE",,0
1239,"Les touches à tout","CPE",,0
1240,"Les Tourelous","CPE",,0
1241,"Les tourterelles","CPE",,0
1242,"Les tourterelles de Rigaud","CPE",,0
1243,"Les trésors de la vie","CPE",,0
1244,"Les trois coins","CPE",,0
1245,"Les trois coins (CPE)","CPE",,0
1246,"Les trois pommes de Compton","CPE",,0
1247,"Les Trotinettes","CPE",,0
1248,"Les Trottineurs","CPE",,0
1249,"Les vers à choux","CPE",,0
1250,"l'Escouade des mioches","CPE",,0
1251,"L'Espièglerie","CPE",,0
1252,"l'Essentiel","CPE",,0
1253,"L'Essentiel (CPE)","CPE",,0
1254,"L'éveil des chérubins","CPE",,0
1255,"L'éveil enfantin","CPE",,0
1256,"L'éveil enfantin (CPE)","CPE",,0
1257,"L'hôtel des petits","CPE",,0
1258,"l'Ile aux trésors","CPE",,0
1259,"L'ile des enfants","CPE",,0
1260,"L'île des enfants","CPE",,0
1261,"l'Ile des enfants de Hull","CPE",,0
1262,"L'Ile des Mousaillons","CPE",,0
1263,"LIle des Moussaillons","CPE",,0
1264,"l'Ile des moussaillons","CPE",,0
1265,"LÎle des Moussaillons","CPE",,0
1266,"l'Imagerie","CPE",,0
1267,"Limbour","CPE",,0
1268,"Limbour (De l'érablière ?)","CPE",,0
1269,"Logis ciel","CPE",,0
1270,"Logis-Ciel","CPE",,0
1271,"Logis-ciel (CPE)","CPE",,0
1272,"l'Oiseau bleu","CPE",,0
1273,"Longueuil Est","CPE",,0
1274,"l'Orée de chez moi","CPE",,0
1275,"L'Orée de chez-moi","CPE",,0
1276,"Luminou","CPE",,0
1277,"L'Univers des Copains","CPE",,0
1278,"l'Univers des enfants","CPE",,0
1279,"l'univers des petits","CPE",,0
1280,"L'Univers des Petits (CPE)","CPE",,0
1281,"Lutins de Roussin","CPE",,0
1282,"M. Grosse bedaine","CPE",,0
1283,"Ma Famigarde","CPE",,0
1284,"Ma garderie souris Mimi","CPE",,0
1285,"Ma licorne","CPE",,0
1286,"Mafamigarde","CPE",,0
1287,"Magie du rêve","CPE",,0
1288,"Magimo","CPE",,0
1289,"magimot","CPE",,0
1290,"Magimuse","CPE",,0
1291,"Magino","CPE",,0
1292,"Main dans la main","CPE",,0
1293,"Main dans la main (CPE)","CPE",,0
1294,"Maison dans l'arbre, Hudson","CPE",,0
1295,"Maison des petits castors","CPE",,0
1296,"Maisons enjouées","CPE",,0
1297,"Mamie Pom","CPE",,0
1298,"Mamie pomme","CPE",,0
1299,"Mamie Soleil","CPE",,0
1300,"Mamie-Soleil","CPE",,0
1301,"Mamuse et méduque","CPE",,0
1302,"Manège des tout-petits","CPE",,0
1303,"Manège des Touts-Petits","CPE",,0
1304,"Marée montante","CPE",,0
1305,"Margo La lune","CPE",,0
1306,"Margot la lune","CPE",,0
1307,"Marie Quat'Poches","CPE",,0
1308,"Marie soleil","CPE",,0
1309,"Marie-lune","CPE",,0
1310,"Marie-soleil","CPE",,0
1311,"Marmaillerie","CPE",,0
1312,"Marmotte qui rit","CPE",,0
1313,"Matane","CPE",,0
1314,"Matapédia Joyeux marmots","CPE",,0
1315,"Matin soleil","CPE",,0
1316,"Mère framboise","CPE",,0
1317,"Mes petits chéris","CPE",,0
1318,"MF","CPE",,0
1319,"Milieu familial privé","CPE",,0
1320,"Milieu familial-service de garde Hélène Dubé","CPE",,0
1321,"Mille Couleurs","CPE",,0
1322,"Mille fleurs","CPE",,0
1323,"Mille pattes","CPE",,0
1324,"Mille-fleurs","CPE",,0
1325,"Milou","CPE",,0
1326,"Mimosa","CPE",,0
1327,"Mini Campus","CPE",,0
1328,"Mini fée","CPE",,0
1329,"Mini monde","CPE",,0
1330,"Mini-Campus","CPE",,0
1331,"Mini-fée inc","CPE",,0
1332,"Mini-monde","CPE",,0
1333,"Minimousses","CPE",,0
1334,"Minipuces","CPE",,0
1335,"Mini-puces","CPE",,0
1336,"Mistigri","CPE",,0
1337,"Mlle Pluche","CPE",,0
1338,"Moi et mes amis","CPE",,0
1339,"Mon ami Pipo","CPE",,0
1340,"Mon monde à moi","CPE",,0
1341,"Monsieur Grosse Bedaine","CPE",,0
1342,"Montessori de Québec","CPE",,0
1343,"Montréal-Nord","CPE",,0
1344,"Mouille pieds","CPE",,0
1345,"Moulin des bambins","CPE",,0
1346,"Mousses du Mont","CPE",,0
1347,"Multi Gardes","CPE",,0
1348,"Multi-Garde","CPE",,0
1349,"Multigardes","CPE",,0
1350,"Multi-Gardes","CPE",,0
1351,"Multiplus","CPE",,0
1352,"Multi-plus","CPE",,0
1353,"Nez à nez","CPE",,0
1354,"Nez-à-nez","CPE",,0
1355,"Nid des petits","CPE",,0
1356,"Nid des petits de St-Raymond","CPE",,0
1357,"Nid d'Hirondelle","CPE",,0
1358,"Nouvelle lune","CPE",,0
1359,"O mille ballons","CPE",,0
1360,"Orak","CPE",,0
1361,"Pain de sucre","CPE",,0
1362,"Pain de sucre (CPE)","CPE",,0
1363,"palou la coccinelle","CPE",,0
1364,"Pamplemousse","CPE",,0
1365,"Panda","CPE",,0
1366,"Pandamis","CPE",,0
1367,"Papillon Enchanté","CPE",,0
1368,"Papillons enchanté","CPE",,0
1369,"Passe Lacets","CPE",,0
1370,"Passe-Lacets","CPE",,0
1371,"Passe-partout","CPE",,0
1372,"Passerelle des mousse","CPE",,0
1373,"Passerelle des mousses","CPE",,0
1374,"Pastel","CPE",,0
1375,"Pastelle","CPE",,0
1376,"Patro Bouts d'Choux","CPE",,0
1377,"Peluche et aventure","CPE",,0
1378,"Pepe Le Pew","CPE",,0
1379,"Pépino et Capucine","CPE",,0
1380,"Pépinot et Capucine","CPE",,0
1381,"Percée de soleil","CPE",,0
1382,"Petit à petit","CPE",,0
1383,"Petit brin de foin","CPE",,0
1384,"Petit équipage","CPE",,0
1385,"Petit forgeron","CPE",,0
1386,"Petit monde du collège Ahuntsic","CPE",,0
1387,"Petit Tambourin","CPE",,0
1388,"Petite nation","CPE",,0
1389,"Petite semence","CPE",,0
1390,"Petite station","CPE",,0
1391,"Petite-nation","CPE",,0
1392,"Petites bulles","CPE",,0
1393,"Petites puces","CPE",,0
1394,"Petits bonheurs","CPE",,0
1395,"Petits bonheurs (CPE)","CPE",,0
1396,"Petits pieds","CPE",,0
1397,"Picabou","CPE",,0
1398,"Picassou","CPE",,0
1399,"Pierre Boucher","CPE",,0
1400,"Pierrot Colombine","CPE",,0
1401,"Pierrot et Colombine","CPE",,0
1402,"Pierrot la lune","CPE",,0
1403,"Pierrot le granit","CPE",,0
1404,"Pierrot-la-Lune","CPE",,0
1405,"Pierrot-le-Granit","CPE",,0
1406,"Pierrot-le-Granit ""sous les étoiles""","CPE",,0
1407,"Pignon sur rue","CPE",,0
1408,"Pignons sur rue","CPE",,0
1409,"Pignons sur rue***","CPE",,0
1410,"Pipandor","CPE",,0
1411,"Pirouette de Fabreville","CPE",,0
1412,"Pitatou","CPE",,0
1413,"Pitatou (CPE)","CPE",,0
1414,"Pitatou St-Pascal","CPE",,0
1415,"Plaisir d'enfant","CPE",,0
1416,"Plaisir d'enfants","CPE",,0
1417,"Plaisirs d'enfant","CPE",,0
1418,"Plaisirs d'enfants","CPE",,0
1419,"Plaisirs d'enfants Carignan","CPE",,0
1420,"Planète à Mars","CPE",,0
1421,"Planete soleil","CPE",,0
1422,"Planète Soleil","CPE",,0
1423,"Plein de tendresse","CPE",,0
1424,"Plein soleil","CPE",,0
1425,"Plein-soleil","CPE",,0
1426,"Plumeau soleil","CPE",,0
1427,"Plumeau-soleil","CPE",,0
1428,"Poil de peluche","CPE",,0
1429,"Poil de peluche Weadon","CPE",,0
1430,"Polichinelle","CPE",,0
1431,"Polichinelle inc.","CPE",,0
1432,"Pomettes rouges","CPE",,0
1433,"Pomme - Cannelle","CPE",,0
1434,"Pomme Cannelle","CPE",,0
1435,"Pomme d'Api","CPE",,0
1436,"Pomme-Canelle","CPE",,0
1437,"Pommettes rouges","CPE",,0
1438,"Pouce Pousse","CPE",,0
1439,"Pouce-pousse","CPE",,0
1440,"Pouce-pousse inc.","CPE",,0
1441,"Pour vos tout petits","CPE",,0
1442,"Pousse pouce","CPE",,0
1443,"Pousse-lacets","CPE",,0
1444,"Poussineaux","CPE",,0
1445,"Poussinots d'Alakazou","CPE",,0
1446,"Pratt","CPE",,0
1447,"Premier Pas","CPE",,0
1448,"Premiers pas","CPE",,0
1449,"privée","CPE",,0
1450,"P'tites Frimousses","CPE",,0
1451,"P'tits bécots","CPE",,0
1452,"Québec centre","CPE",,0
1453,"Rayon de lune","CPE",,0
1454,"Rayon de soleil","CPE",,0
1455,"Rendez-vous des amis","CPE",,0
1456,"Réseau Petit Pas","CPE",,0
1457,"Réseau Petits pas","CPE",,0
1458,"Ribambelle d'Aylmer","CPE",,0
1459,"Ritourn'ailes","CPE",,0
1460,"Roc Amadour","CPE",,0
1461,"Rosamie","CPE",,0
1462,"Roule ta pomme","CPE",,0
1463,"Roule-ta-pomme","CPE",,0
1464,"Royaume bout-de-choux","CPE",,0
1465,"Royaume des bouts d'choux","CPE",,0
1466,"Royaume des bouts de choux","CPE",,0
1467,"Royaumes des bouts de choux","CPE",,0
1468,"Sainte-Foy Sillery Milieu familial","CPE",,0
1469,"Saint-Jean-Chrysostome","CPE",,0
1470,"Saint-Lambert","CPE",,0
1471,"Saint-Luc","CPE",,0
1472,"Saint-Luc Installation Le Boisé","CPE",,0
1473,"Saint-Philippe","CPE",,0
1474,"Saute crapaud","CPE",,0
1475,"Saute crapeau","CPE",,0
1476,"Saute mouton","CPE",,0
1477,"Saute-Crapaud","CPE",,0
1478,"Saute-mouton","CPE",,0
1479,"Saute-moutons","CPE",,0
1480,"Sel et poivre","CPE",,0
1481,"Sentinelle des petits","CPE",,0
1482,"Service de garde Pas à pas","CPE",,0
1483,"Ses amis","CPE",,0
1484,"Soleil à la lune (CPE)","CPE",,0
1485,"Soleil de Jeannot","CPE",,0
1486,"Soleil joyeux","CPE",,0
1487,"Soleil souriant","CPE",,0
1488,"Soleil-Joyeux","CPE",,0
1489,"Soleils de Mékinao","CPE",,0
1490,"Sophie inc.","CPE",,0
1491,"Souriceaux","CPE",,0
1492,"Sous le bon toit","CPE",,0
1493,"Sous le bon toît","CPE",,0
1494,"Sous les étoiles (Pierrot le Granit)","CPE",,0
1495,"Station des moulins","CPE",,0
1496,"Station Enfance","CPE",,0
1497,"Station enfance des moulins","CPE",,0
1498,"Station les p'tits Bourgeons","CPE",,0
1499,"St-Edouard","CPE",,0
1500,"St-Edward","CPE",,0
1501,"Ste-Gertrude","CPE",,0
1502,"Ste-Rose","CPE",,0
1503,"St-Jean Chrysostome","CPE",,0
1504,"St-Jean-Chrysostome","CPE",,0
1505,"St-Lambert","CPE",,0
1506,"St-Luc","CPE",,0
1507,"St-Michel","CPE",,0
1508,"St-Philipe","CPE",,0
1509,"St-Philippe","CPE",,0
1510,"Sur une patte","CPE",,0
1511,"Tamanoir","CPE",,0
1512,"Tam-tam","CPE",,0
1513,"Tebezinan","CPE",,0
1514,"Tébézinan","CPE",,0
1515,"Tebizinan","CPE",,0
1516,"Tebizinân","CPE",,0
1517,"Tébizinan","CPE",,0
1518,"Tébizinân","CPE",,0
1519,"Techniques familiales du collège","CPE",,0
1520,"Tire d'aile","CPE",,0
1521,"Tirelou","CPE",,0
1522,"Tirelou de Rawdon","CPE",,0
1523,"Ton ami Pipo","CPE",,0
1524,"Ton ami pipo fanfan soleil","CPE",,0
1525,"Touchatouille","CPE",,0
1526,"Tourelle de l'énergie","CPE",,0
1527,"Tournesol","CPE",,0
1528,"Tournesol du fjord","CPE",,0
1529,"Touts petits, toutes petites","CPE",,0
1530,"Trois petits points","CPE",,0
1531,"Trois petits tours","CPE",,0
1532,"Trotte-menu","CPE",,0
1533,"Turluson","CPE",,0
1534,"Univers des copains","CPE",,0
1535,"Univers des petits","CPE",,0
1536,"Val des neiges","CPE",,0
1537,"Val des neiges (Morin Heights)","CPE",,0
1538,"Vallée sourire","CPE",,0
1539,"Villeneuve","CPE",,0
1540,"Vire crêpe","CPE",,0
1541,"Vos tous petits","CPE",,0
1542,"Zamizoo","CPE",,0
1543,"Zamizoo inc.","CPE",,0
1544,"Zamizou","CPE",,0
